AOA,Cl,Cd
7.24,0.778843,0.04525
7.23,0.777725,0.04517
7.22,0.776565,0.045073
7.2,0.775303,0.044974
7.19,0.774072,0.044893
7.17,0.772953,0.044813
7.16,0.771908,0.044735
7.15,0.770824,0.044655
7.13,0.769655,0.044573
7.12,0.768529,0.044485
7.11,0.767357,0.0444
7.09,0.766287,0.04432
7.08,0.765144,0.044235
7.07,0.764012,0.044146
7.05,0.762779,0.044054
7.04,0.761587,0.043965
7.03,0.760502,0.043887
7.01,0.759376,0.043799
7,0.758093,0.043696
6.98,0.75689,0.043612
6.97,0.755717,0.043521
6.95,0.754456,0.043432
6.94,0.753286,0.043342
6.93,0.752071,0.04325
6.91,0.750731,0.043153
6.9,0.74962,0.043073
6.88,0.74852,0.042989
6.87,0.747347,0.042903
6.86,0.746069,0.0428
6.84,0.745007,0.042731
6.83,0.743949,0.042647
6.82,0.742818,0.042558
6.8,0.741642,0.042479
6.79,0.740546,0.042388
6.78,0.739466,0.042313
6.76,0.738345,0.042231
6.75,0.737224,0.042146
6.74,0.736137,0.042065
6.72,0.735028,0.041982
6.71,0.733781,0.041886
6.7,0.732785,0.041814
6.68,0.731616,0.041727
6.67,0.730499,0.041645
6.66,0.729535,0.041574
6.65,0.728487,0.041497
6.63,0.727385,0.041408
6.62,0.726411,0.041338
6.61,0.725378,0.041261
6.6,0.724273,0.041176
6.59,0.723363,0.041113
6.58,0.722509,0.041048
6.56,0.721545,0.040975
6.55,0.720641,0.040904
6.54,0.719682,0.040832
6.53,0.718805,0.040762
6.52,0.717734,0.040685
6.51,0.716868,0.040618
6.49,0.715882,0.040539
6.48,0.714843,0.040468
6.47,0.713968,0.040401
6.46,0.713013,0.040328
6.45,0.71208,0.040262
6.44,0.711121,0.040192
6.43,0.710327,0.040129
6.42,0.709357,0.04006
6.41,0.708428,0.03999
6.4,0.707653,0.039932
6.38,0.706751,0.039865
6.37,0.705881,0.039798
6.36,0.705007,0.039733
6.35,0.704186,0.039668
6.34,0.703191,0.039601
6.33,0.702401,0.039536
6.32,0.70154,0.039475
6.31,0.700629,0.039408
6.3,0.699747,0.039342
6.29,0.698929,0.039277
6.28,0.697916,0.039207
6.27,0.697078,0.03915
6.26,0.696255,0.039082
6.25,0.695272,0.039012
6.24,0.694321,0.038942
6.23,0.693565,0.038893
6.22,0.692667,0.038821
6.21,0.691781,0.038761
6.2,0.69098,0.038704
6.19,0.690146,0.038642
6.17,0.689234,0.03857
6.16,0.688407,0.038514
6.15,0.687527,0.038454
6.15,0.686695,0.038394
6.14,0.686001,0.038338
6.13,0.685128,0.038279
6.12,0.684349,0.038222
6.11,0.683577,0.038163
6.1,0.682824,0.038111
6.09,0.681883,0.03804
6.08,0.681143,0.037989
6.07,0.680364,0.037933
6.06,0.679529,0.037872
6.05,0.678873,0.037826
6.04,0.678096,0.037768
6.03,0.677191,0.037696
6.02,0.676344,0.037642
6.01,0.675597,0.037588
6,0.674757,0.037531
5.99,0.674118,0.037483
5.98,0.673259,0.037419
5.98,0.67249,0.037371
5.97,0.671825,0.037321
5.96,0.671175,0.037276
5.95,0.670355,0.037214
5.94,0.6696,0.037161
5.93,0.669017,0.03712
5.92,0.668188,0.03706
5.92,0.667529,0.037014
5.91,0.666867,0.036965
5.9,0.666066,0.036904
5.89,0.665282,0.036856
5.88,0.664635,0.036808
5.87,0.664047,0.036767
5.87,0.663287,0.03671
5.86,0.662638,0.036666
5.85,0.662063,0.036624
5.84,0.66138,0.036574
5.83,0.660672,0.036524
5.83,0.660084,0.036483
5.82,0.659444,0.036435
5.81,0.658771,0.03639
5.8,0.658082,0.036338
5.8,0.657461,0.036297
5.79,0.656802,0.03625
5.78,0.656226,0.036208
5.77,0.655659,0.03617
5.77,0.655019,0.036122
5.76,0.654419,0.036081
5.75,0.653886,0.036042
5.75,0.653257,0.035998
5.74,0.652635,0.035952
5.73,0.652033,0.03591
5.72,0.651304,0.035859
5.72,0.650698,0.035816
5.71,0.65007,0.035777
5.7,0.649534,0.035738
5.69,0.648936,0.035696
5.69,0.648374,0.035656
5.68,0.647739,0.035613
5.67,0.647306,0.035581
5.67,0.6467,0.035539
5.66,0.646091,0.035498
5.65,0.645588,0.035461
5.65,0.645014,0.035423
5.64,0.644503,0.035384
5.63,0.643911,0.035345
5.63,0.643412,0.035308
5.62,0.642781,0.035265
5.61,0.642243,0.035228
5.61,0.641731,0.035192
5.6,0.641162,0.035152
5.6,0.640632,0.035114
5.59,0.640062,0.035075
5.58,0.639528,0.035038
5.58,0.638907,0.034995
5.57,0.638447,0.034964
5.56,0.637889,0.034927
5.56,0.637433,0.034894
5.55,0.636901,0.034859
5.55,0.63638,0.03482
5.54,0.63582,0.034782
5.53,0.635232,0.034741
5.53,0.634703,0.034706
5.52,0.63419,0.034673
5.52,0.633777,0.034642
5.51,0.633164,0.034599
5.5,0.63267,0.034567
5.5,0.63204,0.034524
5.49,0.631612,0.034495
5.49,0.631067,0.034459
5.48,0.630626,0.034429
5.48,0.630103,0.034392
5.47,0.629623,0.03436
5.46,0.62904,0.034318
5.46,0.628541,0.034287
5.45,0.628101,0.034258
5.45,0.627574,0.034222
5.44,0.627173,0.034193
5.44,0.626638,0.034156
5.43,0.626171,0.034126
5.43,0.625698,0.034094
5.42,0.625237,0.034061
5.42,0.624803,0.034033
5.41,0.624379,0.034004
5.41,0.623928,0.033973
5.4,0.623553,0.033952
5.4,0.623048,0.033917
5.39,0.62262,0.033889
5.39,0.622196,0.03386
5.38,0.621858,0.033837
5.38,0.621438,0.033808
5.37,0.621091,0.033784
5.37,0.620683,0.033754
5.36,0.620238,0.033726
5.36,0.619955,0.033704
5.36,0.619545,0.033678
5.35,0.619251,0.033655
5.35,0.618825,0.033629
5.34,0.618535,0.033607
5.34,0.618169,0.033582
5.34,0.617829,0.033559
5.33,0.617503,0.033536
5.33,0.617113,0.03351
5.32,0.616843,0.033488
5.32,0.61647,0.033465
5.32,0.616185,0.033444
5.31,0.615833,0.033421
5.31,0.615586,0.033401
5.31,0.615129,0.03337
5.3,0.614835,0.03335
5.3,0.614527,0.033332
5.29,0.614318,0.033315
5.29,0.613983,0.033293
5.29,0.61365,0.03327
5.28,0.61339,0.033252
5.28,0.61309,0.033232
5.28,0.612837,0.033214
5.27,0.612525,0.033192
5.27,0.612248,0.033175
5.27,0.611962,0.033153
5.27,0.6117,0.033137
5.26,0.611459,0.033118
5.26,0.611175,0.0331
5.26,0.610898,0.033081
5.25,0.610716,0.033067
5.25,0.610408,0.033047
5.25,0.610198,0.03303
5.24,0.609871,0.03301
5.24,0.609703,0.032996
5.24,0.609474,0.032981
5.24,0.60925,0.032964
5.23,0.608983,0.032947
5.23,0.608787,0.032932
5.23,0.608558,0.032916
5.23,0.608335,0.032901
5.22,0.608127,0.032885
5.22,0.607877,0.032868
5.22,0.607711,0.032855
5.22,0.607492,0.032841
5.21,0.607309,0.032826
5.21,0.607083,0.032811
5.21,0.606894,0.032798
5.21,0.606676,0.032783
5.2,0.60659,0.032775
5.2,0.606302,0.032756
5.2,0.606156,0.032743
5.2,0.605892,0.032728
5.19,0.605764,0.032715
5.19,0.60553,0.0327
5.19,0.605335,0.032687
5.19,0.605136,0.032673
5.18,0.60498,0.032662
5.18,0.604721,0.032642
5.18,0.604581,0.032632
5.18,0.604374,0.03262
5.17,0.604176,0.032605
5.17,0.604009,0.032593
5.17,0.603834,0.03258
5.17,0.603651,0.032567
5.17,0.603454,0.032554
5.16,0.603263,0.032541
5.16,0.603112,0.032529
5.16,0.602925,0.032515
5.16,0.602737,0.032503
5.15,0.602546,0.032488
5.15,0.602422,0.032479
5.15,0.602212,0.032465
5.15,0.601988,0.03245
5.15,0.601853,0.032439
5.14,0.601681,0.032428
5.14,0.601533,0.032416
5.14,0.601256,0.0324
5.14,0.601235,0.032395
5.14,0.600992,0.032379
5.13,0.600799,0.032366
5.13,0.600564,0.03235
5.13,0.600431,0.032339
5.13,0.600263,0.032328
5.12,0.6,0.032311
5.12,0.599864,0.032302
5.12,0.599668,0.032289
5.12,0.599516,0.032277
5.12,0.59931,0.032265
5.11,0.599172,0.032253
5.11,0.598954,0.03224
5.11,0.598747,0.032226
5.11,0.598567,0.032214
5.1,0.598412,0.032203
5.1,0.598217,0.03219
5.1,0.597981,0.032174
5.1,0.597809,0.032163
5.09,0.597659,0.032154
5.09,0.597383,0.032137
5.09,0.597194,0.032125
5.09,0.596999,0.032112
5.09,0.596839,0.032101
5.08,0.596639,0.032088
5.08,0.59643,0.032075
5.08,0.596307,0.032066
5.08,0.596048,0.032051
5.07,0.595898,0.03204
5.07,0.595627,0.032025
5.07,0.595449,0.032011
5.07,0.595238,0.031998
5.06,0.59519,0.031994
5.06,0.594941,0.031979
5.06,0.59468,0.031963
5.06,0.594428,0.031948
5.05,0.59416,0.031933
5.05,0.593963,0.031919
5.05,0.593689,0.031904
5.05,0.593633,0.031897
5.05,0.593482,0.031888
5.04,0.59343,0.031883
5.04,0.593224,0.03187
5.04,0.593012,0.031856
5.04,0.592739,0.031841
5.03,0.592436,0.031823
5.03,0.592128,0.031803
5.03,0.591872,0.031789
5.03,0.591653,0.031777
5.02,0.591504,0.031767
5.02,0.591363,0.031757
5.02,0.59129,0.031752
5.02,0.591143,0.031742
5.01,0.590883,0.031726
5.01,0.590623,0.031711
5.01,0.590436,0.031698
5.01,0.590281,0.031688
5.01,0.59016,0.031681
5,0.58998,0.031669
5,0.589716,0.031654
5,0.589589,0.031644
5,0.58945,0.031635
4.99,0.589322,0.031626
4.99,0.589026,0.031609
4.99,0.58886,0.031599
4.99,0.588756,0.031591
4.99,0.588578,0.03158
4.98,0.588348,0.031567
4.98,0.588203,0.031557
4.98,0.588118,0.03155
4.98,0.587911,0.031538
4.98,0.587711,0.031525
4.97,0.587577,0.031517
4.97,0.587499,0.03151
4.97,0.587236,0.031495
4.97,0.587098,0.031485
4.97,0.586959,0.031477
4.96,0.586805,0.031465
4.96,0.586532,0.03145
4.96,0.586453,0.031444
4.96,0.586273,0.031433
4.95,0.586021,0.031418
4.95,0.585896,0.03141
4.95,0.585765,0.031402
4.95,0.585543,0.031386
4.95,0.585337,0.031375
4.94,0.585313,0.031372
4.94,0.584999,0.031353
4.94,0.584849,0.031344
4.94,0.584709,0.031335
4.93,0.584546,0.031325
4.93,0.584258,0.031307
4.93,0.584206,0.031303
4.93,0.583943,0.031287
4.93,0.583734,0.031275
4.92,0.583585,0.031266
4.92,0.583414,0.031255
4.92,0.583146,0.03124
4.92,0.583018,0.031231
4.91,0.58283,0.031219
4.91,0.582557,0.031204
4.91,0.582408,0.031194
4.91,0.582238,0.031184
4.9,0.581968,0.031169
4.9,0.581828,0.031159
4.9,0.581653,0.031148
4.9,0.581409,0.031135
4.89,0.581212,0.031123
4.89,0.581057,0.031111
4.89,0.580803,0.031098
4.89,0.580601,0.031087
4.88,0.580436,0.031076
4.88,0.580234,0.031064
4.88,0.58004,0.031052
4.88,0.579832,0.03104
4.87,0.579618,0.031025
4.87,0.579405,0.031014
4.87,0.579161,0.031
4.87,0.578966,0.030989
4.86,0.578756,0.030976
4.86,0.578537,0.030964
4.86,0.578309,0.03095
4.86,0.578109,0.030936
4.85,0.577864,0.030924
4.85,0.577656,0.030912
4.85,0.577398,0.030897
4.84,0.577227,0.030886
4.84,0.576957,0.03087
4.84,0.576742,0.030859
4.84,0.576506,0.030845
4.83,0.576303,0.030832
4.83,0.576066,0.030819
4.83,0.575828,0.030805
4.82,0.575568,0.030789
4.82,0.575362,0.030777
4.82,0.575075,0.030762
4.82,0.574833,0.030748
4.81,0.574635,0.030736
4.81,0.574373,0.030721
4.81,0.574089,0.030705
4.8,0.573932,0.030695
4.8,0.573629,0.030678
4.8,0.573335,0.030659
4.79,0.573105,0.030648
4.79,0.572836,0.030633
4.79,0.572507,0.030615
4.79,0.572341,0.030603
4.78,0.572046,0.030588
4.78,0.571722,0.03057
4.78,0.571526,0.030558
4.77,0.571282,0.030544
4.77,0.570928,0.030525
4.77,0.570723,0.030512
4.76,0.570484,0.030498
4.76,0.570113,0.030477
4.76,0.569899,0.030466
4.75,0.569671,0.030453
4.75,0.569304,0.030431
4.75,0.569072,0.030419
4.74,0.568868,0.030407
4.74,0.568495,0.030386
4.74,0.568241,0.03037
4.73,0.568031,0.03036
4.73,0.567631,0.030336
4.73,0.567379,0.030324
4.72,0.567164,0.030309
4.72,0.566745,0.030286
4.72,0.566496,0.030274
4.71,0.566225,0.03026
4.71,0.565891,0.030242
4.71,0.565641,0.030228
4.7,0.565372,0.030213
4.7,0.565102,0.030198
4.7,0.564752,0.030178
4.69,0.564606,0.030169
4.69,0.564194,0.030147
4.69,0.563985,0.030136
4.68,0.563687,0.030119
4.68,0.563359,0.030102
4.68,0.563087,0.030086
4.67,0.562799,0.030069
4.67,0.56252,0.030055
4.67,0.562158,0.030036
4.66,0.561966,0.030023
4.66,0.561603,0.030004
4.65,0.56131,0.029988
4.65,0.56101,0.029973
4.65,0.560776,0.029959
4.64,0.560403,0.02994
4.64,0.560172,0.029926
4.64,0.559876,0.029911
4.63,0.55956,0.029892
4.63,0.559262,0.029876
4.63,0.558969,0.029861
4.62,0.55865,0.029844
4.62,0.558366,0.029829
4.62,0.558108,0.029815
4.61,0.557782,0.029798
4.61,0.557571,0.029786
4.61,0.557256,0.029768
4.6,0.556956,0.029751
4.6,0.556642,0.029734
4.6,0.556405,0.029722
4.59,0.55604,0.029703
4.59,0.55578,0.029688
4.58,0.555491,0.029672
4.58,0.555166,0.029655
4.58,0.554848,0.029636
4.57,0.554599,0.029624
4.57,0.554201,0.029604
4.57,0.553948,0.029589
4.56,0.553662,0.029574
4.56,0.553324,0.029555
4.56,0.553051,0.029541
4.55,0.552735,0.029524
4.55,0.552465,0.02951
4.55,0.552133,0.029493
4.54,0.551936,0.029481
4.54,0.551541,0.02946
4.53,0.551359,0.02945
4.53,0.55101,0.029431
4.53,0.550686,0.029413
4.52,0.550439,0.0294
4.52,0.550086,0.029381
4.52,0.549814,0.029366
4.51,0.549484,0.029349
4.51,0.549272,0.029337
4.51,0.548879,0.029316
4.5,0.548671,0.029304
4.5,0.548272,0.029282
4.5,0.547995,0.029268
4.49,0.547622,0.029248
4.49,0.547364,0.029235
4.48,0.547035,0.029217
4.48,0.546712,0.029201
4.48,0.546476,0.029187
4.47,0.54614,0.029168
4.47,0.545842,0.029152
4.47,0.545497,0.029135
4.46,0.545237,0.02912
4.46,0.544926,0.029104
4.45,0.544608,0.029085
4.45,0.54428,0.029068
4.45,0.543995,0.029053
4.44,0.543679,0.029036
4.44,0.543346,0.029017
4.44,0.543065,0.029001
4.43,0.542654,0.028979
4.43,0.542389,0.028968
4.42,0.542065,0.02895
4.42,0.541791,0.028935
4.42,0.541437,0.028915
4.41,0.541139,0.028899
4.41,0.54082,0.028883
4.41,0.540485,0.028863
4.4,0.540153,0.028843
4.4,0.539835,0.02883
4.39,0.539486,0.028812
4.39,0.539219,0.028797
4.39,0.538908,0.028778
4.38,0.538594,0.028763
4.38,0.538287,0.028745
4.38,0.537934,0.028728
4.37,0.537746,0.028716
4.37,0.537329,0.028696
4.36,0.537094,0.028679
4.36,0.536768,0.028664
4.36,0.536393,0.028642
4.35,0.536084,0.028628
4.35,0.535829,0.028613
4.35,0.535487,0.028595
4.34,0.535121,0.028573
4.34,0.534917,0.028564
4.33,0.534528,0.028543
4.33,0.534228,0.028527
4.33,0.533973,0.028511
4.32,0.53364,0.028494
4.32,0.53328,0.028475
4.32,0.533057,0.028462
4.31,0.53273,0.028445
4.31,0.532426,0.028428
4.3,0.532104,0.028411
4.3,0.53193,0.0284
4.3,0.531415,0.028372
4.29,0.531209,0.028362
4.29,0.530916,0.028346
4.29,0.530506,0.028325
4.28,0.530281,0.028311
4.28,0.529951,0.028293
4.27,0.529618,0.028276
4.27,0.529278,0.028258
4.27,0.529056,0.028243
4.26,0.528639,0.028224
4.26,0.528319,0.028206
4.26,0.528034,0.028188
4.25,0.527714,0.028172
4.25,0.527283,0.028151
4.24,0.52707,0.028139
4.24,0.526755,0.028122
4.24,0.526385,0.028102
4.23,0.526117,0.028088
4.23,0.52582,0.028071
4.23,0.525482,0.028053
4.22,0.525139,0.028036
4.22,0.524964,0.028024
4.21,0.524474,0.027999
4.21,0.524253,0.027985
4.21,0.523877,0.027967
4.2,0.523564,0.027949
4.2,0.52318,0.02793
4.19,0.52298,0.027917
4.19,0.522472,0.02789
4.19,0.522253,0.027878
4.18,0.521876,0.02786
4.18,0.521476,0.02784
4.17,0.521228,0.027826
4.17,0.520883,0.027805
4.17,0.520467,0.027786
4.16,0.520181,0.02777
4.16,0.519918,0.027757
4.15,0.519463,0.027732
4.15,0.519204,0.027717
4.15,0.518873,0.027701
4.14,0.518458,0.027681
4.14,0.518182,0.027665
4.13,0.517884,0.027649
4.13,0.517454,0.027629
4.13,0.517217,0.027615
4.12,0.516914,0.027598
4.12,0.516498,0.027576
4.11,0.516195,0.027561
4.11,0.51591,0.027548
4.11,0.515509,0.027527
4.1,0.51524,0.027513
4.1,0.515024,0.027501
4.1,0.514676,0.027482
4.09,0.5143,0.027463
4.09,0.514113,0.027452
4.09,0.513789,0.027436
4.08,0.513394,0.027414
4.08,0.513102,0.0274
4.07,0.512876,0.027387
4.07,0.512419,0.027364
4.07,0.512174,0.02735
4.06,0.511866,0.027336
4.06,0.51151,0.027316
4.05,0.511134,0.027296
4.05,0.510907,0.027287
4.05,0.510424,0.027261
4.04,0.510176,0.02725
4.04,0.509918,0.027236
4.04,0.509505,0.027214
4.03,0.509227,0.0272
4.03,0.508934,0.027185
4.02,0.508572,0.027167
4.02,0.50827,0.027152
4.02,0.508044,0.02714
4.01,0.507658,0.027121
4.01,0.507352,0.027105
4.01,0.507154,0.027093
4,0.506822,0.027076
4,0.506485,0.027058
4,0.506226,0.027046
3.99,0.505964,0.027031
3.99,0.505525,0.027011
3.98,0.505298,0.026996
3.98,0.505009,0.026984
3.98,0.504645,0.026963
3.97,0.504308,0.026949
3.97,0.504114,0.026937
3.97,0.503733,0.026919
3.96,0.503449,0.026903
3.96,0.503193,0.026891
3.96,0.502796,0.02687
3.95,0.502529,0.026858
3.95,0.502257,0.026843
3.95,0.501937,0.026828
3.94,0.5016,0.026811
3.94,0.501412,0.026799
3.93,0.501065,0.026783
3.93,0.500742,0.026765
3.93,0.50046,0.026751
3.92,0.500162,0.026738
3.92,0.499745,0.026716
3.92,0.499549,0.026707
3.91,0.499286,0.026693
3.91,0.498911,0.026676
3.91,0.498679,0.026662
3.9,0.498371,0.026645
3.9,0.49793,0.026624
3.89,0.497665,0.026613
3.89,0.497442,0.026602
3.89,0.497052,0.026583
3.88,0.496832,0.02657
3.88,0.496559,0.026559
3.88,0.496294,0.026544
3.87,0.495889,0.026524
3.87,0.495763,0.026517
3.87,0.495443,0.026501
3.86,0.495085,0.026484
3.86,0.494868,0.026473
3.86,0.494613,0.02646
3.85,0.494256,0.026441
3.85,0.493978,0.026428
3.85,0.493764,0.026417
3.84,0.493392,0.0264
3.84,0.493141,0.026384
3.84,0.49285,0.02637
3.83,0.492434,0.026352
3.83,0.492184,0.026339
3.83,0.491944,0.026327
3.82,0.491607,0.026312
3.82,0.491319,0.026298
3.82,0.491162,0.026288
3.81,0.4908,0.026272
3.81,0.490547,0.026259
3.81,0.490322,0.026248
3.8,0.490116,0.026237
3.8,0.48974,0.026219
3.8,0.489518,0.026203
3.79,0.489247,0.026194
3.79,0.488903,0.026177
3.79,0.488619,0.026163
3.78,0.488453,0.026154
3.78,0.488118,0.026138
3.78,0.487795,0.026123
3.77,0.487622,0.026113
3.77,0.487367,0.026101
3.77,0.48707,0.026086
3.77,0.486811,0.026073
3.76,0.486609,0.026061
3.76,0.486202,0.026044
3.76,0.486002,0.026033
3.75,0.485788,0.026023
3.75,0.485481,0.026008
3.75,0.485149,0.025993
3.74,0.485003,0.025984
3.74,0.48469,0.025969
3.74,0.484414,0.025956
3.73,0.484164,0.025944
3.73,0.483927,0.025931
3.73,0.483578,0.025916
3.72,0.483395,0.025907
3.72,0.483137,0.025894
3.72,0.482853,0.025881
3.72,0.482644,0.025868
3.71,0.482354,0.025855
3.71,0.482033,0.025839
3.71,0.48182,0.02583
3.7,0.481605,0.025819
3.7,0.481266,0.025804
3.7,0.481097,0.025794
3.69,0.48083,0.025781
3.69,0.480543,0.025767
3.69,0.480269,0.025756
3.69,0.480133,0.025748
3.68,0.479775,0.025731
3.68,0.479542,0.025719
3.68,0.479364,0.025712
3.67,0.47908,0.025698
3.67,0.478802,0.025685
3.67,0.47862,0.025676
3.67,0.478443,0.025666
3.66,0.478112,0.025652
3.66,0.477933,0.02564
3.66,0.477701,0.025631
3.65,0.477407,0.025616
3.65,0.477152,0.025605
3.65,0.476997,0.025597
3.65,0.476717,0.025583
3.64,0.476398,0.025567
3.64,0.476273,0.025562
3.64,0.475987,0.025549
3.63,0.475768,0.025537
3.63,0.47553,0.025526
3.63,0.475332,0.025516
3.62,0.47495,0.025499
3.62,0.474838,0.025494
3.62,0.474596,0.025482
3.62,0.474307,0.025468
3.61,0.474083,0.025458
3.61,0.473934,0.02545
3.61,0.473584,0.025434
3.61,0.473371,0.025424
3.6,0.473228,0.025416
3.6,0.472934,0.025403
3.6,0.472713,0.025391
3.59,0.472499,0.025382
3.59,0.472286,0.025372
3.59,0.471969,0.025358
3.59,0.471897,0.025353
3.58,0.471562,0.025338
3.58,0.471368,0.025328
3.58,0.47114,0.025317
3.58,0.470886,0.025306
3.57,0.470617,0.025293
3.57,0.470439,0.025285
3.57,0.470219,0.025273
3.56,0.469918,0.025261
3.56,0.469763,0.025252
3.56,0.469532,0.025242
3.56,0.469334,0.025232
3.55,0.469054,0.025219
3.55,0.468903,0.025212
3.55,0.468624,0.0252
3.55,0.468402,0.025188
3.54,0.468226,0.02518
3.54,0.467975,0.025169
3.54,0.467727,0.025156
3.54,0.46754,0.025147
3.53,0.467293,0.025137
3.53,0.467049,0.025126
3.53,0.466922,0.025119
3.52,0.466672,0.025107
3.52,0.466417,0.025096
3.52,0.466264,0.025088
3.52,0.466056,0.025078
3.52,0.465804,0.025067
3.51,0.465616,0.025057
3.51,0.465412,0.025047
3.51,0.465156,0.025037
3.5,0.46498,0.025027
3.5,0.464772,0.025018
3.5,0.464865,0.025043
3.5,0.464691,0.025034
3.49,0.464493,0.025024
3.49,0.464233,0.025011
3.49,0.464014,0.025001
3.49,0.463843,0.024992
3.48,0.46358,0.024979
3.48,0.463354,0.024969
3.48,0.463184,0.024959
3.48,0.462898,0.024946
3.47,0.462703,0.024936
3.47,0.46248,0.024931
3.47,0.46228,0.024921
3.47,0.461992,0.024906
3.46,0.461887,0.024901
3.46,0.461594,0.024889
3.46,0.461372,0.024876
3.46,0.461178,0.024868
3.45,0.460998,0.024859
3.45,0.460742,0.024847
3.45,0.460536,0.024838
3.45,0.460377,0.024828
3.44,0.460088,0.024816
3.44,0.459955,0.024809
3.44,0.459725,0.024798
3.44,0.459505,0.024788
3.43,0.45929,0.024778
3.43,0.459123,0.024769
3.43,0.458866,0.024757
3.43,0.458655,0.024747
3.42,0.458517,0.02474
3.42,0.458242,0.024728
3.42,0.458041,0.024718
3.42,0.457854,0.024709
3.41,0.457654,0.024699
3.41,0.457382,0.024687
3.41,0.457254,0.02468
3.41,0.456951,0.024667
3.4,0.456791,0.024658
3.4,0.456572,0.02465
3.4,0.456377,0.02464
3.4,0.456111,0.024628
3.39,0.455976,0.02462
3.39,0.455704,0.024609
3.39,0.455471,0.024598
3.39,0.455358,0.024593
3.38,0.455054,0.024579
3.38,0.45487,0.024571
3.38,0.454693,0.024563
3.38,0.454509,0.024553
3.37,0.454233,0.024542
3.37,0.454105,0.024534
3.37,0.453836,0.024523
3.37,0.453639,0.024515
3.36,0.453476,0.024506
3.36,0.453267,0.024497
3.36,0.453011,0.024485
3.36,0.452863,0.024479
3.35,0.452686,0.024469
3.35,0.452414,0.024458
3.35,0.452254,0.024449
3.35,0.452055,0.024441
3.34,0.451799,0.024429
3.34,0.451606,0.024421
3.34,0.451438,0.024414
3.34,0.451185,0.024403
3.33,0.451041,0.024395
3.33,0.450846,0.024386
3.33,0.450569,0.024375
3.33,0.45043,0.024368
3.32,0.450251,0.02436
3.32,0.450066,0.024351
3.32,0.449821,0.02434
3.32,0.44965,0.024332
3.31,0.449418,0.024322
3.31,0.449226,0.024314
3.31,0.449059,0.024306
3.31,0.448827,0.024296
3.31,0.448669,0.024288
3.3,0.448466,0.024279
3.3,0.448271,0.02427
3.3,0.44805,0.02426
3.3,0.447919,0.024254
3.29,0.447644,0.024243
3.29,0.447489,0.024235
3.29,0.44728,0.024226
3.29,0.44708,0.024217
3.28,0.446872,0.024208
3.28,0.446704,0.024199
3.28,0.446448,0.024188
3.28,0.446226,0.024179
3.27,0.44609,0.024173
3.27,0.445822,0.024162
3.27,0.445648,0.024153
3.27,0.445475,0.024146
3.26,0.445288,0.024137
3.26,0.445045,0.024128
3.26,0.444904,0.024121
3.26,0.444688,0.024111
3.26,0.444449,0.024101
3.25,0.444328,0.024095
3.25,0.444089,0.024085
3.25,0.443887,0.024076
3.25,0.443692,0.024068
3.24,0.443589,0.024062
3.24,0.443299,0.024051
3.24,0.443152,0.024043
3.24,0.442962,0.024035
3.23,0.442751,0.024026
3.23,0.442531,0.024016
3.23,0.442344,0.024007
3.23,0.442145,0.024
3.22,0.441924,0.02399
3.22,0.441818,0.023985
3.22,0.44155,0.023974
3.22,0.441384,0.023966
3.22,0.441208,0.023959
3.21,0.441023,0.02395
3.21,0.440789,0.02394
3.21,0.440633,0.023934
3.21,0.44043,0.023924
3.2,0.440199,0.023915
3.2,0.440057,0.023909
3.2,0.43983,0.023899
3.2,0.439668,0.023891
3.2,0.439467,0.023884
3.19,0.439338,0.023876
3.19,0.43905,0.023865
3.19,0.438974,0.023861
3.19,0.438712,0.023849
3.18,0.438499,0.02384
3.18,0.438314,0.023833
3.18,0.438147,0.023826
3.18,0.437919,0.023816
3.17,0.437714,0.023807
3.17,0.437602,0.023802
3.17,0.437308,0.02379
3.17,0.437225,0.023786
3.17,0.436982,0.023776
3.16,0.436826,0.023768
3.16,0.43657,0.023757
3.16,0.436418,0.02375
3.16,0.436165,0.02374
3.15,0.43597,0.023731
3.15,0.435783,0.023725
3.15,0.435587,0.023716
3.15,0.435353,0.023706
3.14,0.435203,0.0237
3.14,0.435045,0.023692
3.14,0.434787,0.023683
3.14,0.434669,0.023676
3.14,0.434444,0.023668
3.13,0.43427,0.023659
3.13,0.434029,0.023648
3.13,0.43391,0.023644
3.13,0.433597,0.023631
3.12,0.433466,0.023625
3.12,0.43327,0.023618
3.12,0.433041,0.023608
3.12,0.432882,0.023601
3.11,0.432693,0.023593
3.11,0.432527,0.023585
3.11,0.432285,0.023574
3.11,0.432161,0.02357
3.11,0.43191,0.023559
3.1,0.43172,0.02355
3.1,0.431551,0.023545
3.1,0.431329,0.023535
3.1,0.431143,0.023527
3.09,0.430999,0.023521
3.09,0.430794,0.023512
3.09,0.430542,0.023502
3.09,0.430478,0.023499
3.08,0.430229,0.023488
3.08,0.430039,0.02348
3.08,0.429874,0.023473
3.08,0.429672,0.023464
3.08,0.429407,0.023454
3.07,0.429302,0.023449
3.07,0.429074,0.02344
3.07,0.428834,0.02343
3.07,0.428704,0.023425
3.06,0.428512,0.023417
3.06,0.428283,0.023407
3.06,0.428119,0.0234
3.06,0.42799,0.023395
3.06,0.42772,0.023384
3.05,0.427594,0.023377
3.05,0.427355,0.023368
3.05,0.427118,0.023358
3.05,0.426966,0.023353
3.04,0.426817,0.023346
3.04,0.426507,0.023333
3.04,0.426373,0.023327
3.04,0.426186,0.023321
3.03,0.425954,0.02331
3.03,0.425771,0.023303
3.03,0.425681,0.023299
3.03,0.425338,0.023284
3.02,0.425253,0.023281
3.02,0.425049,0.023273
3.02,0.424798,0.023263
3.02,0.4246,0.023254
3.02,0.424516,0.023251
3.01,0.424227,0.02324
3.01,0.424031,0.023232
3.01,0.423924,0.023227
3.01,0.423687,0.023217
3,0.423523,0.02321
3,0.423323,0.023203
3,0.423222,0.023197
3,0.422905,0.023185
3,0.422765,0.023178
2.99,0.42258,0.023172
2.99,0.422312,0.023159
2.99,0.422169,0.023155
2.99,0.421973,0.023146
2.98,0.421701,0.023135
2.98,0.421571,0.023131
2.98,0.421427,0.023124
2.98,0.421168,0.023114
2.97,0.42102,0.023108
2.97,0.420872,0.023102
2.97,0.420604,0.023091
2.97,0.420463,0.023085
2.97,0.420309,0.023078
2.96,0.420055,0.023068
2.96,0.419887,0.023062
2.96,0.419738,0.023054
2.96,0.419499,0.023046
2.95,0.419288,0.023037
2.95,0.419185,0.023033
2.95,0.418927,0.023023
2.95,0.41877,0.023016
2.95,0.418622,0.02301
2.94,0.418426,0.023002
2.94,0.418154,0.022991
2.94,0.418087,0.022988
2.94,0.417868,0.02298
2.93,0.417602,0.022968
2.93,0.417487,0.022964
2.93,0.417296,0.022956
2.93,0.417016,0.022945
2.93,0.416884,0.02294
2.92,0.416729,0.022934
2.92,0.416469,0.022922
2.92,0.416331,0.022917
2.92,0.416138,0.02291
2.91,0.415871,0.022899
2.91,0.415768,0.022895
2.91,0.41561,0.022889
2.91,0.415339,0.022877
2.91,0.415181,0.022871
2.9,0.41506,0.022866
2.9,0.414754,0.022854
2.9,0.414626,0.022848
2.9,0.414451,0.022842
2.89,0.414238,0.022834
2.89,0.414033,0.022825
2.89,0.413895,0.02282
2.89,0.413687,0.022811
2.88,0.413422,0.022802
2.88,0.413359,0.022797
2.88,0.413072,0.022788
2.88,0.41289,0.02278
2.88,0.412731,0.022774
2.87,0.41256,0.022766
2.87,0.412288,0.022756
2.87,0.412184,0.022751
2.87,0.411993,0.022744
2.86,0.41173,0.022734
2.86,0.411591,0.022728
2.86,0.411435,0.022722
2.86,0.411158,0.022711
2.86,0.410995,0.022705
2.85,0.410876,0.0227
2.85,0.410623,0.022689
2.85,0.410458,0.022683
2.85,0.410293,0.022677
2.84,0.410085,0.022668
2.84,0.409864,0.02266
2.84,0.409745,0.022655
2.84,0.409502,0.022645
2.84,0.40933,0.022639
2.83,0.409198,0.022633
2.83,0.40896,0.022624
2.83,0.408793,0.022617
2.83,0.408619,0.02261
2.82,0.408427,0.022602
2.82,0.408172,0.022594
2.82,0.408104,0.02259
2.82,0.407834,0.02258
2.82,0.407678,0.022573
2.81,0.407513,0.022567
2.81,0.407312,0.022559
2.81,0.407081,0.02255
2.81,0.406956,0.022546
2.8,0.406733,0.022536
2.8,0.406548,0.02253
2.8,0.406401,0.022524
2.8,0.406208,0.022516
2.8,0.406005,0.022508
2.79,0.405854,0.022502
2.79,0.405668,0.022494
2.79,0.405421,0.022485
2.79,0.405307,0.022481
2.79,0.405122,0.022473
2.78,0.404893,0.022465
2.78,0.404775,0.02246
2.78,0.404607,0.022454
2.78,0.404398,0.022445
2.77,0.404211,0.022438
2.77,0.40408,0.022433
2.77,0.403847,0.022424
2.77,0.403679,0.022417
2.77,0.403531,0.022411
2.76,0.403315,0.022403
2.76,0.403111,0.022395
2.76,0.402962,0.02239
2.76,0.402794,0.022383
2.76,0.402545,0.022373
2.75,0.402469,0.022369
2.75,0.402118,0.022356
2.75,0.402012,0.022353
2.75,0.401818,0.022346
2.74,0.401663,0.022339
2.74,0.401377,0.02233
2.74,0.401326,0.022326
2.74,0.401053,0.022316
2.73,0.400843,0.022308
2.73,0.400716,0.022303
2.73,0.400482,0.022295
2.73,0.400293,0.022287
2.73,0.400139,0.022282
2.72,0.400013,0.022276
2.72,0.399732,0.022266
2.72,0.399659,0.022262
2.72,0.399472,0.022255
2.72,0.39918,0.022244
2.71,0.399057,0.022238
2.71,0.398855,0.022232
2.71,0.398635,0.022224
2.71,0.398495,0.022219
2.7,0.398374,0.022214
2.7,0.398074,0.022203
2.7,0.398018,0.0222
2.7,0.397839,0.022193
2.7,0.397616,0.022184
2.69,0.397426,0.022177
2.69,0.397339,0.022174
2.69,0.39706,0.022164
2.69,0.396907,0.022158
2.69,0.396817,0.022154
2.68,0.396534,0.022143
2.68,0.396381,0.022137
2.68,0.396236,0.022133
2.68,0.396031,0.022124
2.68,0.395824,0.022117
2.67,0.395776,0.022114
2.67,0.395476,0.022104
2.67,0.395319,0.022097
2.67,0.395188,0.022092
2.66,0.395006,0.022085
2.66,0.394755,0.022076
2.66,0.394681,0.022072
2.66,0.394462,0.022065
2.66,0.394189,0.022055
2.65,0.39413,0.022051
2.65,0.393947,0.022045
2.65,0.393695,0.022035
2.65,0.393553,0.02203
2.65,0.393434,0.022026
2.64,0.393161,0.022016
2.64,0.39303,0.022011
2.64,0.392902,0.022006
2.64,0.392677,0.021998
2.64,0.392495,0.021991
2.63,0.392398,0.021986
2.63,0.392144,0.021978
2.63,0.391954,0.021971
2.63,0.391884,0.021968
2.62,0.391646,0.021959
2.62,0.391416,0.02195
2.62,0.391333,0.021947
2.62,0.391168,0.021941
2.62,0.390933,0.021932
2.61,0.390846,0.021929
2.61,0.390662,0.021922
2.61,0.390451,0.021914
2.61,0.390302,0.021909
2.61,0.390209,0.021905
2.6,0.389899,0.021894
2.6,0.38982,0.02189
2.6,0.389652,0.021885
2.6,0.389481,0.021878
2.6,0.389263,0.02187
2.59,0.389159,0.021865
2.59,0.388925,0.021857
2.59,0.388701,0.021849
2.59,0.38865,0.021847
2.59,0.388413,0.021838
2.58,0.38819,0.02183
2.58,0.388089,0.021827
2.58,0.387956,0.021821
2.58,0.38766,0.02181
2.58,0.387588,0.021808
2.57,0.387413,0.021801
2.57,0.387158,0.021792
2.57,0.387058,0.021788
2.57,0.386909,0.021783
2.57,0.386724,0.021776
2.56,0.386523,0.021769
2.56,0.386456,0.021766
2.56,0.386156,0.021754
2.56,0.386011,0.02175
2.56,0.385893,0.021745
2.55,0.385703,0.021738
2.55,0.385499,0.021731
2.55,0.385397,0.021727
2.55,0.385248,0.021722
2.55,0.384964,0.021711
2.54,0.384942,0.02171
2.54,0.384732,0.021703
2.54,0.384589,0.021697
2.54,0.384366,0.021689
2.54,0.38433,0.021687
2.53,0.384038,0.021677
2.53,0.383869,0.021671
2.53,0.383785,0.021668
2.53,0.383527,0.021658
2.53,0.383393,0.021653
2.52,0.383228,0.021647
2.52,0.383095,0.021642
2.52,0.382823,0.021633
2.52,0.38276,0.021631
2.52,0.38256,0.021624
2.51,0.382376,0.021616
2.51,0.38224,0.021612
2.51,0.38209,0.021606
2.51,0.381857,0.021598
2.51,0.381722,0.021593
2.5,0.381624,0.021589
2.5,0.381378,0.02158
2.5,0.381241,0.021575
2.5,0.381126,0.021571
2.5,0.380893,0.021563
2.5,0.380725,0.021557
2.49,0.380652,0.021554
2.49,0.380435,0.021546
2.49,0.380234,0.021539
2.49,0.380197,0.021537
2.49,0.379973,0.02153
2.48,0.37977,0.021522
2.48,0.379667,0.021518
2.48,0.379543,0.021513
2.48,0.379303,0.021506
2.48,0.379222,0.021502
2.47,0.379073,0.021497
2.47,0.378815,0.021488
2.47,0.378726,0.021484
2.47,0.378599,0.02148
2.47,0.37839,0.021472
2.47,0.378216,0.021466
2.46,0.378168,0.021463
2.46,0.377839,0.021451
2.46,0.377739,0.021448
2.46,0.377591,0.021444
2.46,0.377388,0.021436
2.45,0.377208,0.02143
2.45,0.377173,0.021429
2.45,0.376873,0.021418
2.45,0.376769,0.021413
2.45,0.376641,0.02141
2.44,0.376354,0.021399
2.44,0.376222,0.021395
2.44,0.376098,0.02139
2.44,0.375911,0.021384
2.44,0.37571,0.021377
2.43,0.375668,0.021375
2.43,0.375371,0.021365
2.43,0.375262,0.02136
2.43,0.375114,0.021356
2.43,0.374953,0.02135
2.42,0.374744,0.021343
2.42,0.374693,0.021341
2.42,0.374431,0.021332
2.42,0.37429,0.021327
2.42,0.374189,0.021323
2.41,0.373995,0.021316
2.41,0.373811,0.021309
2.41,0.373722,0.021306
2.41,0.373518,0.021299
2.41,0.373314,0.021292
2.41,0.373219,0.021289
2.4,0.373075,0.021283
2.4,0.372865,0.021276
2.4,0.372749,0.021272
2.4,0.372585,0.021265
2.4,0.372359,0.021258
2.39,0.372257,0.021254
2.39,0.372062,0.021248
2.39,0.371893,0.021242
2.39,0.371793,0.021238
2.39,0.371581,0.021232
2.38,0.371413,0.021225
2.38,0.371335,0.021223
2.38,0.371175,0.021217
2.38,0.370948,0.021209
2.38,0.370908,0.021207
2.37,0.370679,0.0212
2.37,0.370503,0.021193
2.37,0.3704,0.02119
2.37,0.370269,0.021185
2.37,0.370022,0.021176
2.37,0.369917,0.021173
2.36,0.369834,0.02117
2.36,0.369566,0.02116
2.36,0.369475,0.021158
2.36,0.369349,0.021153
2.36,0.369137,0.021145
2.36,0.368982,0.02114
2.35,0.368909,0.021138
2.35,0.368686,0.02113
2.35,0.368511,0.021124
2.35,0.368453,0.021121
2.35,0.368264,0.021115
2.34,0.368088,0.021109
2.34,0.367975,0.021105
2.34,0.367843,0.0211
2.34,0.367618,0.021093
2.34,0.367533,0.021089
2.34,0.367384,0.021084
2.33,0.367167,0.021077
2.33,0.367082,0.021074
2.33,0.366932,0.021069
2.33,0.36677,0.021063
2.33,0.366597,0.021057
2.32,0.366559,0.021055
2.32,0.366243,0.021045
2.32,0.366195,0.021043
2.32,0.366066,0.021039
2.32,0.365813,0.02103
2.32,0.3657,0.021026
2.31,0.365588,0.021023
2.31,0.36541,0.021016
2.31,0.365174,0.021009
2.31,0.3652,0.021008
2.31,0.364914,0.021
2.3,0.364747,0.020993
2.3,0.364628,0.020989
2.3,0.364466,0.020983
2.3,0.364227,0.020977
2.3,0.364163,0.020974
2.3,0.364024,0.020969
2.29,0.363766,0.020961
2.29,0.36372,0.020959
2.29,0.363564,0.020953
2.29,0.36337,0.020946
2.29,0.363209,0.020941
2.28,0.363166,0.02094
2.28,0.362871,0.02093
2.28,0.3628,0.020927
2.28,0.362645,0.020922
2.28,0.362493,0.020917
2.28,0.362313,0.020911
2.27,0.362245,0.020909
2.27,0.362033,0.020901
2.27,0.361844,0.020895
2.27,0.361806,0.020893
2.27,0.361589,0.020887
2.27,0.361442,0.020881
2.26,0.36133,0.020877
2.26,0.36121,0.020874
2.26,0.360972,0.020866
2.26,0.360925,0.020863
2.26,0.360772,0.020859
2.25,0.360576,0.020852
2.25,0.360449,0.020848
2.25,0.36039,0.020845
2.25,0.360153,0.020837
2.25,0.36003,0.020833
2.25,0.359949,0.020831
2.24,0.359733,0.020823
2.24,0.35957,0.020818
2.24,0.359537,0.020817
2.24,0.359318,0.020809
2.24,0.359157,0.020804
2.24,0.359083,0.020801
2.23,0.358906,0.020795
2.23,0.358742,0.02079
2.23,0.358624,0.020785
2.23,0.358515,0.020782
2.23,0.35828,0.020775
2.23,0.358195,0.020771
2.22,0.358072,0.020767
2.22,0.357839,0.02076
2.22,0.357771,0.020757
2.22,0.357638,0.020753
2.22,0.357446,0.020746
2.22,0.357316,0.020742
2.21,0.357241,0.02074
2.21,0.357038,0.020733
2.21,0.356881,0.020727
2.21,0.356811,0.020725
2.21,0.356592,0.020718
2.21,0.356493,0.020714
2.2,0.356385,0.020711
2.2,0.356227,0.020705
2.2,0.356,0.020698
2.2,0.355941,0.020696
2.2,0.355769,0.02069
2.2,0.355567,0.020684
2.19,0.35551,0.020682
2.19,0.355361,0.020677
2.19,0.355138,0.020669
2.19,0.355049,0.020667
2.19,0.354968,0.020663
2.18,0.354721,0.020656
2.18,0.35461,0.020652
2.18,0.354532,0.020649
2.18,0.354282,0.020641
2.18,0.354175,0.020637
2.18,0.354078,0.020634
2.17,0.353888,0.020628
2.17,0.353696,0.020622
2.17,0.35369,0.020621
2.17,0.353452,0.020614
2.17,0.353317,0.02061
2.17,0.353193,0.020605
2.16,0.353067,0.020602
2.16,0.352851,0.020594
2.16,0.35279,0.020593
2.16,0.35264,0.020587
2.16,0.352406,0.02058
2.16,0.352374,0.020578
2.15,0.352201,0.020573
2.15,0.35207,0.020568
2.15,0.351886,0.020563
2.15,0.351874,0.020562
2.15,0.35158,0.020553
2.15,0.351507,0.02055
2.14,0.35141,0.020547
2.14,0.351181,0.020539
2.14,0.351043,0.020535
2.14,0.350944,0.020532
2.14,0.350812,0.020527
2.14,0.350603,0.020521
2.13,0.350577,0.02052
2.13,0.350357,0.020513
2.13,0.350213,0.020508
2.13,0.350118,0.020504
2.13,0.349972,0.0205
2.13,0.349738,0.020493
2.12,0.349668,0.020491
2.12,0.349594,0.020487
2.12,0.349327,0.020478
2.12,0.349241,0.020476
2.12,0.349097,0.020472
2.12,0.348909,0.020466
2.11,0.348802,0.020462
2.11,0.348696,0.020458
2.11,0.348469,0.020452
2.11,0.348405,0.020449
2.11,0.348249,0.020445
2.11,0.348111,0.02044
2.1,0.347971,0.020436
2.1,0.347853,0.020431
2.1,0.347684,0.020427
2.1,0.347535,0.020422
2.1,0.347472,0.020419
2.1,0.347279,0.020414
2.09,0.347167,0.020409
2.09,0.347041,0.020405
2.09,0.346891,0.020401
2.09,0.346728,0.020396
2.09,0.346622,0.020392
2.09,0.346503,0.020388
2.08,0.346335,0.020383
2.08,0.346241,0.020379
2.08,0.346074,0.020375
2.08,0.345947,0.02037
2.08,0.34581,0.020366
2.08,0.3457,0.020363
2.07,0.345546,0.020358
2.07,0.345429,0.020354
2.07,0.345283,0.020349
2.07,0.345174,0.020345
2.07,0.345024,0.020341
2.07,0.344857,0.020335
2.06,0.344775,0.020333
2.06,0.344571,0.020326
2.06,0.344478,0.020323
2.06,0.344324,0.020318
2.06,0.344197,0.020314
2.06,0.344009,0.020309
2.06,0.34395,0.020307
2.05,0.343748,0.0203
2.05,0.343635,0.020296
2.05,0.343508,0.020293
2.05,0.34334,0.020287
2.05,0.343212,0.020283
2.05,0.343098,0.02028
2.04,0.342935,0.020274
2.04,0.342784,0.02027
2.04,0.342684,0.020266
2.04,0.342556,0.020263
2.04,0.342385,0.020257
2.04,0.342306,0.020255
2.03,0.342172,0.02025
2.03,0.341985,0.020244
2.03,0.34191,0.020242
2.03,0.341798,0.020239
2.03,0.341625,0.020233
2.03,0.341484,0.020228
2.02,0.341402,0.020226
2.02,0.341201,0.02022
2.02,0.341105,0.020216
2.02,0.340995,0.020213
2.02,0.340822,0.020207
2.02,0.340663,0.020203
2.02,0.340585,0.020201
2.01,0.340394,0.020194
2.01,0.340292,0.02019
2.01,0.340138,0.020187
2.01,0.339977,0.020181
2.01,0.339862,0.020178
2,0.339742,0.020174
2,0.339598,0.020169
2,0.339423,0.020164
2,0.339304,0.02016
2,0.33913,0.020155
2,0.339024,0.020152
1.99,0.338889,0.020148
1.99,0.338717,0.020143
1.99,0.338626,0.020139
1.99,0.338511,0.020136
1.99,0.338336,0.02013
1.99,0.338209,0.020127
1.99,0.338118,0.020124
1.98,0.33795,0.020118
1.98,0.337792,0.020113
1.98,0.337737,0.020112
1.98,0.337537,0.020106
1.98,0.337436,0.020102
1.98,0.33731,0.020098
1.97,0.337163,0.020094
1.97,0.336989,0.020089
1.97,0.336884,0.020085
1.97,0.336751,0.020081
1.97,0.336585,0.020077
1.97,0.336488,0.020073
1.96,0.336372,0.02007
1.96,0.336184,0.020064
1.96,0.336102,0.020061
1.96,0.33597,0.020057
1.96,0.335806,0.020052
1.96,0.335736,0.02005
1.96,0.335569,0.020045
1.95,0.335433,0.02004
1.95,0.3353,0.020037
1.95,0.33521,0.020034
1.95,0.335023,0.020028
1.95,0.334946,0.020026
1.95,0.334787,0.020021
1.94,0.334627,0.020016
1.94,0.334559,0.020014
1.94,0.334405,0.020009
1.94,0.334267,0.020004
1.94,0.334135,0.020001
1.94,0.334061,0.019998
1.94,0.333851,0.019993
1.93,0.333778,0.01999
1.93,0.333648,0.019986
1.93,0.333523,0.019982
1.93,0.333377,0.019978
1.93,0.333273,0.019974
1.93,0.333136,0.01997
1.92,0.332973,0.019965
1.92,0.332873,0.019962
1.92,0.332756,0.019959
1.92,0.332597,0.019953
1.92,0.332468,0.019949
1.92,0.332343,0.019946
1.91,0.332163,0.01994
1.91,0.332078,0.019938
1.91,0.331901,0.019933
1.91,0.331802,0.01993
1.91,0.33167,0.019926
1.91,0.331564,0.019922
1.91,0.331387,0.019918
1.9,0.331312,0.019915
1.9,0.331183,0.019911
1.9,0.331006,0.019906
1.9,0.330964,0.019904
1.9,0.330789,0.019899
1.9,0.330671,0.019895
1.9,0.330523,0.019891
1.89,0.33044,0.019888
1.89,0.330235,0.019883
1.89,0.330153,0.01988
1.89,0.33004,0.019877
1.89,0.32989,0.019872
1.89,0.32973,0.019867
1.88,0.329628,0.019864
1.88,0.329495,0.01986
1.88,0.32936,0.019856
1.88,0.329248,0.019853
1.88,0.329084,0.019848
1.88,0.328961,0.019844
1.87,0.328849,0.019841
1.87,0.328737,0.019837
1.87,0.328564,0.019833
1.87,0.328502,0.01983
1.87,0.328286,0.019824
1.87,0.328227,0.019821
1.87,0.328056,0.019818
1.86,0.327925,0.019813
1.86,0.327806,0.01981
1.86,0.327682,0.019806
1.86,0.327571,0.019803
1.86,0.327405,0.019798
1.86,0.32733,0.019795
1.86,0.32716,0.019791
1.85,0.327094,0.019788
1.85,0.326921,0.019784
1.85,0.326845,0.019781
1.85,0.326636,0.019775
1.85,0.326617,0.019774
1.85,0.32642,0.019769
1.84,0.32633,0.019766
1.84,0.32618,0.019762
1.84,0.326052,0.019757
1.84,0.325889,0.019753
1.84,0.325782,0.01975
1.84,0.325697,0.019747
1.84,0.325499,0.019742
1.83,0.325437,0.019739
1.83,0.32529,0.019736
1.83,0.32517,0.019731
1.83,0.325038,0.019728
1.83,0.32494,0.019725
1.83,0.324778,0.01972
1.83,0.324655,0.019717
1.82,0.324602,0.019715
1.82,0.324404,0.019709
1.82,0.324357,0.019708
1.82,0.324197,0.019702
1.82,0.324116,0.0197
1.82,0.32392,0.019695
1.81,0.323847,0.019693
1.81,0.323708,0.019689
1.81,0.323576,0.019685
1.81,0.32349,0.019682
1.81,0.323353,0.019678
1.81,0.323213,0.019674
1.81,0.323125,0.019671
1.8,0.322997,0.019668
1.8,0.322814,0.019662
1.8,0.322778,0.019661
1.8,0.32263,0.019657
1.8,0.322513,0.019653
1.8,0.322398,0.01965
1.8,0.322309,0.019647
1.79,0.322141,0.019642
1.79,0.322041,0.019639
1.79,0.321942,0.019637
1.79,0.32173,0.01963
1.79,0.321679,0.019629
1.79,0.321542,0.019625
1.79,0.321388,0.01962
1.78,0.321288,0.019618
1.78,0.321211,0.019615
1.78,0.320983,0.019609
1.78,0.320945,0.019607
1.78,0.320797,0.019604
1.78,0.320639,0.019599
1.78,0.320538,0.019596
1.77,0.320484,0.019595
1.77,0.320289,0.019589
1.77,0.320163,0.019585
1.77,0.32014,0.019584
1.77,0.319924,0.019578
1.77,0.319802,0.019575
1.77,0.31975,0.019574
1.76,0.319636,0.01957
1.76,0.319457,0.019565
1.76,0.319388,0.019562
1.76,0.319304,0.01956
1.76,0.3191,0.019554
1.76,0.319012,0.019552
1.76,0.318947,0.01955
1.75,0.318776,0.019545
1.75,0.318645,0.019541
1.75,0.318582,0.019539
1.75,0.318385,0.019533
1.75,0.318299,0.019531
1.75,0.318207,0.019529
1.75,0.318052,0.019524
1.74,0.317912,0.01952
1.74,0.317857,0.019518
1.74,0.317672,0.019513
1.74,0.317583,0.019511
1.74,0.317522,0.019509
1.74,0.317314,0.019503
1.74,0.317213,0.0195
1.73,0.317136,0.019498
1.73,0.316971,0.019492
1.73,0.316815,0.019489
1.73,0.316794,0.019488
1.73,0.316587,0.019483
1.73,0.3165,0.01948
1.73,0.316429,0.019478
1.72,0.316294,0.019474
1.72,0.316091,0.019468
1.72,0.316079,0.019468
1.72,0.315893,0.019463
1.72,0.315772,0.019459
1.72,0.315696,0.019457
1.72,0.315557,0.019453
1.71,0.315377,0.019448
1.71,0.315306,0.019446
1.71,0.315234,0.019444
1.71,0.315042,0.019439
1.71,0.314938,0.019436
1.71,0.314886,0.019434
1.71,0.314673,0.019428
1.7,0.314594,0.019426
1.7,0.314508,0.019424
1.7,0.314392,0.01942
1.7,0.314218,0.019416
1.7,0.31422,0.019414
1.7,0.31399,0.019409
1.7,0.313895,0.019406
1.69,0.313812,0.019404
1.69,0.31369,0.0194
1.69,0.313497,0.019395
1.69,0.31343,0.019393
1.69,0.313362,0.019391
1.69,0.313101,0.019384
1.69,0.313115,0.019384
1.68,0.312983,0.01938
1.68,0.312817,0.019376
1.68,0.31269,0.019372
1.68,0.312655,0.019372
1.68,0.312485,0.019367
1.68,0.312318,0.019362
1.68,0.312346,0.019362
1.68,0.312155,0.019358
1.67,0.311992,0.019352
1.67,0.311915,0.019351
1.67,0.311849,0.019349
1.67,0.311624,0.019343
1.67,0.311626,0.019342
1.67,0.311474,0.019339
1.67,0.311299,0.019333
1.66,0.311226,0.019331
1.66,0.311124,0.019328
1.66,0.310939,0.019323
1.66,0.310888,0.019321
1.66,0.31075,0.019318
1.66,0.31055,0.019312
1.66,0.31052,0.019312
1.65,0.310396,0.019308
1.65,0.310268,0.019305
1.65,0.310153,0.019302
1.65,0.310161,0.019302
1.65,0.309856,0.019293
1.65,0.309888,0.019294
1.65,0.309735,0.01929
1.64,0.309603,0.019286
1.64,0.309435,0.019282
1.64,0.309433,0.019282
1.64,0.309179,0.019274
1.64,0.309138,0.019273
1.64,0.308942,0.019268
1.64,0.308798,0.019263
1.63,0.308732,0.019263
1.63,0.308575,0.019258
1.63,0.308389,0.019253
1.63,0.308386,0.019253
1.63,0.308162,0.019247
1.63,0.308076,0.019244
1.62,0.307985,0.019242
1.62,0.307759,0.019235
1.62,0.307673,0.019234
1.62,0.307643,0.019233
1.62,0.307404,0.019227
1.62,0.307343,0.019225
1.62,0.30727,0.019223
1.61,0.307111,0.019218
1.61,0.306991,0.019216
1.61,0.306972,0.019215
1.61,0.306739,0.019208
1.61,0.30668,0.019207
1.61,0.306621,0.019206
1.61,0.306438,0.0192
1.61,0.306327,0.019197
1.6,0.306316,0.019196
1.6,0.306119,0.019191
1.6,0.305972,0.019188
1.6,0.306011,0.019188
1.6,0.305777,0.019182
1.6,0.305683,0.019179
1.6,0.305608,0.019178
1.59,0.305486,0.019174
1.59,0.305317,0.019169
1.59,0.305302,0.019169
1.59,0.305093,0.019163
1.59,0.30498,0.01916
1.59,0.30491,0.019158
1.59,0.304761,0.019154
1.58,0.304625,0.01915
1.58,0.304557,0.019148
1.58,0.304336,0.019143
1.58,0.304287,0.019142
1.58,0.304201,0.019139
1.58,0.304001,0.019134
1.58,0.303956,0.019133
1.58,0.303864,0.019131
1.57,0.303688,0.019125
1.57,0.303588,0.019123
1.57,0.303558,0.019122
1.57,0.303293,0.019115
1.57,0.30329,0.019115
1.57,0.30316,0.019111
1.57,0.302978,0.019106
1.56,0.30291,0.019105
1.56,0.302807,0.019102
1.56,0.302593,0.019096
1.56,0.302569,0.019095
1.56,0.302451,0.019092
1.56,0.302255,0.019086
1.56,0.302215,0.019086
1.55,0.302054,0.019082
1.55,0.301868,0.019077
1.55,0.301875,0.019077
1.55,0.301737,0.019074
1.55,0.301604,0.01907
1.55,0.301522,0.019068
1.55,0.301488,0.019067
1.54,0.301241,0.01906
1.54,0.301186,0.019059
1.54,0.30112,0.019057
1.54,0.300945,0.019053
1.54,0.300858,0.01905
1.54,0.300811,0.019049
1.54,0.30065,0.019044
1.54,0.300494,0.019041
1.53,0.300517,0.019041
1.53,0.300379,0.019037
1.53,0.300175,0.019032
1.53,0.30017,0.019032
1.53,0.300066,0.019029
1.53,0.299952,0.019026
1.53,0.299796,0.019022
1.53,0.299806,0.019022
1.52,0.299601,0.019017
1.52,0.299515,0.019014
1.52,0.299451,0.019013
1.52,0.299293,0.019008
1.52,0.299191,0.019005
1.52,0.299108,0.019003
1.52,0.298987,0.019
1.52,0.2988,0.018995
1.51,0.298838,0.018996
1.51,0.298641,0.018991
1.51,0.298492,0.018987
1.51,0.298453,0.018986
1.51,0.298357,0.018983
1.51,0.298157,0.018978
1.51,0.298113,0.018977
1.51,0.298043,0.018976
1.5,0.297892,0.018972
1.5,0.297799,0.018969
1.5,0.297742,0.018968
1.5,0.297598,0.018963
1.5,0.29745,0.01896
1.5,0.297445,0.018959
1.5,0.297285,0.018956
1.5,0.29716,0.018952
1.49,0.297121,0.018951
1.49,0.296986,0.018948
1.49,0.296812,0.018943
1.49,0.296766,0.018942
1.49,0.296696,0.01894
1.49,0.296493,0.018934
1.49,0.296453,0.018934
1.49,0.296366,0.018931
1.48,0.296187,0.018926
1.48,0.29613,0.018925
1.48,0.296072,0.018924
1.48,0.295886,0.018919
1.48,0.295841,0.018917
1.48,0.295733,0.018915
1.48,0.29559,0.018911
1.48,0.29551,0.018909
1.47,0.295463,0.018908
1.47,0.295265,0.018903
1.47,0.295188,0.0189
1.47,0.295173,0.0189
1.47,0.294968,0.018895
1.47,0.294887,0.018892
1.47,0.294819,0.018891
1.47,0.29469,0.018888
1.46,0.294541,0.018884
1.46,0.294541,0.018884
1.46,0.294357,0.018879
1.46,0.294278,0.018877
1.46,0.294193,0.018875
1.46,0.294095,0.018872
1.46,0.293894,0.018867
1.46,0.293929,0.018868
1.45,0.293756,0.018864
1.45,0.293595,0.018859
1.45,0.293555,0.018858
1.45,0.293451,0.018856
1.45,0.293287,0.018851
1.45,0.293217,0.01885
1.45,0.293193,0.018849
1.45,0.292943,0.018843
1.44,0.29297,0.018843
1.44,0.292857,0.018841
1.44,0.292658,0.018834
1.44,0.292582,0.018834
1.44,0.292548,0.018832
1.44,0.292328,0.018827
1.44,0.292279,0.018826
1.44,0.292219,0.018824
1.43,0.292056,0.01882
1.43,0.291937,0.018817
1.43,0.291894,0.018816
1.43,0.291745,0.018812
1.43,0.291594,0.018808
1.43,0.291606,0.018809
1.43,0.291439,0.018805
1.43,0.291316,0.018801
1.42,0.291249,0.018799
1.42,0.291147,0.018797
1.42,0.290972,0.018793
1.42,0.290998,0.018793
1.42,0.290771,0.018787
1.42,0.290667,0.018785
1.42,0.290629,0.018783
1.41,0.290431,0.018778
1.41,0.290327,0.018776
1.41,0.29033,0.018777
1.41,0.290088,0.01877
1.41,0.290063,0.018769
1.41,0.289952,0.018766
1.41,0.28979,0.018762
1.41,0.289697,0.01876
1.4,0.289678,0.01876
1.4,0.289437,0.018754
1.4,0.289435,0.018753
1.4,0.289285,0.01875
1.4,0.289131,0.018746
1.4,0.289073,0.018745
1.4,0.288986,0.018743
1.4,0.288752,0.018736
1.39,0.28876,0.018737
1.39,0.288628,0.018734
1.39,0.288467,0.018729
1.39,0.288433,0.018729
1.39,0.288336,0.018727
1.39,0.28813,0.018721
1.39,0.288114,0.018721
1.39,0.288055,0.018719
1.38,0.287845,0.018715
1.38,0.28786,0.018714
1.38,0.28773,0.018711
1.38,0.287551,0.018706
1.38,0.28749,0.018705
1.38,0.287415,0.018703
1.38,0.287209,0.018698
1.37,0.287221,0.018698
1.37,0.287009,0.018693
1.37,0.286898,0.01869
1.37,0.286855,0.01869
1.37,0.286738,0.018686
1.37,0.286563,0.018683
1.37,0.28657,0.018681
1.37,0.286372,0.018677
1.36,0.286281,0.018675
1.36,0.286211,0.018673
1.36,0.285976,0.018668
1.36,0.28599,0.018668
1.36,0.28586,0.018665
1.36,0.285726,0.018662
1.36,0.285661,0.01866
1.36,0.285591,0.018659
1.35,0.285418,0.018654
1.35,0.285357,0.018652
1.35,0.285273,0.01865
1.35,0.285056,0.018645
1.35,0.285093,0.018646
1.35,0.284944,0.018643
1.35,0.284826,0.018639
1.35,0.284717,0.018637
1.34,0.28475,0.018638
1.34,0.284476,0.018631
1.34,0.284498,0.018631
1.34,0.28436,0.018628
1.34,0.284192,0.018623
1.34,0.284114,0.018622
1.34,0.284052,0.01862
1.34,0.283826,0.018614
1.33,0.283836,0.018614
1.33,0.283647,0.01861
1.33,0.283507,0.018606
1.33,0.283469,0.018606
1.33,0.283258,0.018601
1.33,0.283204,0.0186
1.33,0.283171,0.018599
1.33,0.282986,0.018594
1.32,0.282901,0.018592
1.32,0.282872,0.018592
1.32,0.282727,0.018588
1.32,0.282631,0.018586
1.32,0.28261,0.018586
1.32,0.282492,0.018583
1.32,0.28235,0.018579
1.32,0.282302,0.018578
1.32,0.282271,0.018576
1.31,0.282058,0.018572
1.31,0.282083,0.018572
1.31,0.281965,0.01857
1.31,0.281843,0.018566
1.31,0.281758,0.018564
1.31,0.281727,0.018564
1.31,0.281528,0.018559
1.31,0.281441,0.018556
1.3,0.281404,0.018555
1.3,0.281217,0.018551
1.3,0.281154,0.01855
1.3,0.281117,0.018549
1.3,0.280991,0.018545
1.3,0.280835,0.018542
1.3,0.280855,0.018542
1.3,0.280666,0.018538
1.3,0.280588,0.018536
1.29,0.280544,0.018535
1.29,0.280421,0.018531
1.29,0.280244,0.018527
1.29,0.280265,0.018528
1.29,0.280137,0.018525
1.29,0.279964,0.018521
1.29,0.279947,0.01852
1.29,0.279855,0.018518
1.29,0.279732,0.018515
1.28,0.279636,0.018513
1.28,0.279635,0.018513
1.28,0.279417,0.018508
1.28,0.279379,0.018506
1.28,0.279312,0.018505
1.28,0.279205,0.018502
1.28,0.279052,0.018499
1.28,0.279066,0.018499
1.28,0.278888,0.018495
1.27,0.278768,0.018492
1.27,0.27877,0.018492
1.27,0.278586,0.018488
1.27,0.278533,0.018486
1.27,0.278424,0.018482
1.27,0.278325,0.018481
1.27,0.278173,0.018478
1.27,0.278197,0.018478
1.26,0.277974,0.018473
1.26,0.277942,0.018472
1.26,0.27787,0.018471
1.26,0.277728,0.018467
1.26,0.277596,0.018464
1.26,0.277591,0.018464
1.26,0.277466,0.018461
1.26,0.277276,0.018456
1.26,0.277316,0.018457
1.25,0.277139,0.018453
1.25,0.277041,0.01845
1.25,0.276978,0.01845
1.25,0.276896,0.018447
1.25,0.276679,0.018443
1.25,0.276719,0.018443
1.25,0.276596,0.018441
1.25,0.276447,0.018437
1.25,0.276393,0.018436
1.24,0.276345,0.018435
1.24,0.276145,0.018429
1.24,0.276075,0.018428
1.24,0.276065,0.018427
1.24,0.275856,0.018423
1.24,0.275828,0.018422
1.24,0.275738,0.01842
1.24,0.275667,0.018418
1.24,0.275504,0.018414
1.23,0.275531,0.018415
1.23,0.275279,0.01841
1.23,0.275307,0.01841
1.23,0.275183,0.018407
1.23,0.275084,0.018404
1.23,0.274935,0.018401
1.23,0.274972,0.018402
1.23,0.274742,0.018396
1.22,0.274641,0.018394
1.22,0.274598,0.018393
1.22,0.274441,0.018389
1.22,0.274366,0.018387
1.22,0.274304,0.018386
1.22,0.274163,0.018382
1.22,0.274053,0.01838
1.22,0.274072,0.01838
1.22,0.273868,0.018375
1.21,0.273836,0.018374
1.21,0.273763,0.018373
1.21,0.273674,0.018369
1.21,0.273493,0.018366
1.21,0.27356,0.018366
1.21,0.27336,0.018362
1.21,0.273207,0.018359
1.21,0.273238,0.018359
1.21,0.27309,0.018356
1.2,0.273003,0.018353
1.2,0.272913,0.018351
1.2,0.272934,0.018351
1.2,0.272663,0.018344
1.2,0.272696,0.018345
1.2,0.272558,0.018342
1.2,0.272455,0.018339
1.2,0.272369,0.018337
1.2,0.272306,0.018335
1.19,0.272122,0.018331
1.19,0.272093,0.018329
1.19,0.271998,0.018327
1.19,0.27184,0.018323
1.19,0.271819,0.018323
1.19,0.271734,0.018321
1.19,0.271606,0.018317
1.19,0.271541,0.018316
1.19,0.271532,0.018315
1.18,0.271293,0.01831
1.18,0.271342,0.01831
1.18,0.271223,0.018307
1.18,0.271112,0.018304
1.18,0.270998,0.018302
1.18,0.270993,0.018301
1.18,0.27083,0.018297
1.18,0.270716,0.018294
1.18,0.270701,0.018294
1.18,0.270577,0.018289
1.17,0.270445,0.018287
1.17,0.270428,0.018286
1.17,0.270278,0.018283
1.17,0.270196,0.018281
1.17,0.270193,0.01828
1.17,0.270021,0.018276
1.17,0.269937,0.018273
1.17,0.269916,0.018273
1.17,0.269758,0.018269
1.16,0.269655,0.018266
1.16,0.269681,0.018267
1.16,0.269511,0.018263
1.16,0.269406,0.01826
1.16,0.269403,0.018259
1.16,0.269291,0.018257
1.16,0.269178,0.018254
1.16,0.269124,0.018252
1.16,0.269092,0.018251
1.16,0.268873,0.018246
1.15,0.268925,0.018247
1.15,0.268803,0.018244
1.15,0.268681,0.01824
1.15,0.268593,0.018238
1.15,0.268541,0.018237
1.15,0.268418,0.018233
1.15,0.268322,0.018231
1.15,0.268278,0.01823
1.15,0.268117,0.018226
1.14,0.268054,0.018224
1.14,0.267994,0.018222
1.14,0.267873,0.018219
1.14,0.267789,0.018217
1.14,0.267772,0.018217
1.14,0.267584,0.018211
1.14,0.26752,0.01821
1.14,0.267495,0.018209
1.14,0.267367,0.018206
1.14,0.267269,0.018203
1.13,0.267263,0.018203
1.13,0.267095,0.018199
1.13,0.267007,0.018197
1.13,0.266983,0.018196
1.13,0.266868,0.018193
1.13,0.266739,0.01819
1.13,0.266707,0.018188
1.13,0.266617,0.018186
1.13,0.266451,0.018182
1.13,0.266465,0.018183
1.12,0.266352,0.01818
1.12,0.266222,0.018176
1.12,0.266174,0.018175
1.12,0.266125,0.018174
1.12,0.265999,0.01817
1.12,0.265899,0.018168
1.12,0.265872,0.018167
1.12,0.265737,0.018164
1.12,0.265657,0.018161
1.11,0.26562,0.018161
1.11,0.265496,0.018157
1.11,0.265375,0.018154
1.11,0.265368,0.018154
1.11,0.265265,0.018151
1.11,0.265159,0.018149
1.11,0.265095,0.018147
1.11,0.265021,0.018145
1.11,0.264902,0.018142
1.11,0.264843,0.018141
1.1,0.264759,0.018138
1.1,0.264615,0.018135
1.1,0.264587,0.018134
1.1,0.26452,0.018132
1.1,0.264372,0.018128
1.1,0.264338,0.018127
1.1,0.264246,0.018125
1.1,0.264107,0.018121
1.1,0.264042,0.01812
1.1,0.264009,0.018119
1.09,0.26387,0.018116
1.09,0.263789,0.018114
1.09,0.263746,0.018113
1.09,0.263617,0.018109
1.09,0.263559,0.018108
1.09,0.263477,0.018106
1.09,0.263425,0.018104
1.09,0.263261,0.0181
1.09,0.263233,0.018099
1.09,0.26313,0.018097
1.08,0.263029,0.018094
1.08,0.262965,0.018093
1.08,0.2629,0.018091
1.08,0.262764,0.018087
1.08,0.262709,0.018086
1.08,0.262615,0.018084
1.08,0.2625,0.018081
1.08,0.262423,0.018079
1.08,0.262388,0.018078
1.08,0.262259,0.018075
1.07,0.262205,0.018073
1.07,0.262145,0.018072
1.07,0.261992,0.018069
1.07,0.261951,0.018066
1.07,0.261877,0.018065
1.07,0.261776,0.018062
1.07,0.261643,0.01806
1.07,0.261649,0.018059
1.07,0.261498,0.018056
1.06,0.261427,0.018054
1.06,0.261357,0.018053
1.06,0.261277,0.01805
1.06,0.261177,0.018048
1.06,0.261113,0.018046
1.06,0.261035,0.018044
1.06,0.260885,0.018041
1.06,0.260866,0.01804
1.06,0.260803,0.018039
1.06,0.260672,0.018035
1.05,0.260584,0.018033
1.05,0.260585,0.018033
1.05,0.260414,0.018029
1.05,0.260348,0.018027
1.05,0.260335,0.018027
1.05,0.260178,0.018023
1.05,0.260095,0.018021
1.05,0.260047,0.018019
1.05,0.259948,0.018017
1.05,0.259811,0.018014
1.04,0.25983,0.018015
1.04,0.259691,0.018011
1.04,0.259564,0.018008
1.04,0.259556,0.018008
1.04,0.259452,0.018005
1.04,0.259309,0.018002
1.04,0.259304,0.018002
1.04,0.25924,0.018
1.04,0.259076,0.017996
1.04,0.259083,0.017996
1.04,0.258991,0.017994
1.03,0.258894,0.017991
1.03,0.258789,0.017989
1.03,0.258819,0.01799
1.03,0.258578,0.017984
1.03,0.258558,0.017983
1.03,0.258518,0.017983
1.03,0.258348,0.017979
1.03,0.258325,0.017978
1.03,0.258262,0.017977
1.03,0.25811,0.017973
1.02,0.258036,0.017971
1.02,0.258035,0.017971
1.02,0.257848,0.017966
1.02,0.257765,0.017965
1.02,0.257771,0.017964
1.02,0.257632,0.017961
1.02,0.257533,0.017959
1.02,0.257528,0.017959
1.02,0.25741,0.017956
1.02,0.257253,0.017952
1.01,0.257312,0.017954
1.01,0.257211,0.017952
1.01,0.257055,0.017947
1.01,0.257028,0.017947
1.01,0.256971,0.017945
1.01,0.256836,0.017942
1.01,0.256765,0.017941
1.01,0.25677,0.017941
1.01,0.256609,0.017937
1.01,0.256503,0.017934
1,0.256518,0.017934
1,0.256383,0.017932
1,0.256278,0.017929
1,0.256259,0.017929
1,0.256173,0.017927
1,0.256041,0.017923
1,0.256039,0.017923
1,0.255945,0.017921
1,0.255789,0.017917
1,0.255771,0.017917
1,0.255732,0.017916
0.99,0.255576,0.017912
0.99,0.255535,0.017911
0.99,0.255496,0.017911
0.99,0.255346,0.017907
0.99,0.255266,0.017905
0.99,0.255268,0.017905
0.99,0.25514,0.017902
0.99,0.255042,0.0179
0.99,0.25503,0.0179
0.99,0.254908,0.017897
0.99,0.254807,0.017894
0.98,0.254784,0.017894
0.98,0.254706,0.017892
0.98,0.254565,0.017888
0.98,0.254543,0.017888
0.98,0.25448,0.017887
0.98,0.254301,0.017882
0.98,0.254289,0.017882
0.98,0.25424,0.017881
0.98,0.254092,0.017877
0.98,0.254045,0.017877
0.97,0.253992,0.017875
0.97,0.253857,0.017872
0.97,0.25381,0.017871
0.97,0.253778,0.01787
0.97,0.253577,0.017866
0.97,0.253593,0.017866
0.97,0.253518,0.017864
0.97,0.253353,0.017861
0.97,0.25333,0.01786
0.97,0.253278,0.017859
0.96,0.253129,0.017855
0.96,0.253063,0.017854
0.96,0.253074,0.017854
0.96,0.252894,0.01785
0.96,0.252819,0.017849
0.96,0.252817,0.017849
0.96,0.252672,0.017845
0.96,0.252566,0.017843
0.96,0.252569,0.017843
0.96,0.252462,0.017841
0.96,0.252317,0.017837
0.95,0.252325,0.017837
0.95,0.252239,0.017836
0.95,0.25209,0.017832
0.95,0.252076,0.017832
0.95,0.252028,0.017831
0.95,0.251854,0.017826
0.95,0.251806,0.017826
0.95,0.251816,0.017825
0.95,0.2516,0.017821
0.95,0.251573,0.017821
0.94,0.251546,0.01782
0.94,0.251435,0.017817
0.94,0.251305,0.017815
0.94,0.251341,0.017815
0.94,0.251183,0.017812
0.94,0.251068,0.017809
0.94,0.251049,0.017809
0.94,0.250984,0.017807
0.94,0.250812,0.017804
0.94,0.250841,0.017804
0.94,0.250712,0.017801
0.93,0.250606,0.017799
0.93,0.250591,0.017799
0.93,0.250475,0.017796
0.93,0.250416,0.017795
0.93,0.25032,0.017793
0.93,0.250319,0.017793
0.93,0.250119,0.017788
0.93,0.250146,0.017789
0.93,0.250031,0.017787
0.93,0.249906,0.017783
0.92,0.249847,0.017782
0.92,0.249816,0.017782
0.92,0.249634,0.017777
0.92,0.249585,0.017777
0.92,0.249588,0.017777
0.92,0.249382,0.017772
0.92,0.249378,0.017772
0.92,0.24931,0.017771
0.92,0.249225,0.017769
0.92,0.249087,0.017766
0.92,0.24911,0.017766
0.91,0.248963,0.017764
0.91,0.248923,0.017762
0.91,0.248833,0.01776
0.91,0.24878,0.017759
0.91,0.248634,0.017756
0.91,0.248604,0.017755
0.91,0.248541,0.017754
0.91,0.248395,0.017751
0.91,0.248432,0.017751
0.91,0.248303,0.017749
0.91,0.248201,0.017746
0.9,0.248138,0.017745
0.9,0.248059,0.017744
0.9,0.247991,0.017742
0.9,0.247953,0.017742
0.9,0.247883,0.01774
0.9,0.247747,0.017737
0.9,0.247739,0.017737
0.9,0.247635,0.017735
0.9,0.247566,0.017733
0.9,0.247456,0.017731
0.9,0.24747,0.017731
0.89,0.247273,0.017727
0.89,0.24725,0.017726
0.89,0.247186,0.017725
0.89,0.247117,0.017723
0.89,0.246976,0.01772
0.89,0.247004,0.017721
0.89,0.246844,0.017718
0.89,0.246745,0.017716
0.89,0.246786,0.017717
0.89,0.246627,0.017713
0.89,0.246537,0.017711
0.88,0.24652,0.017711
0.88,0.246419,0.017709
0.88,0.246301,0.017707
0.88,0.246328,0.017707
0.88,0.246188,0.017704
0.88,0.246103,0.017702
0.88,0.246081,0.017702
0.88,0.246009,0.0177
0.88,0.245865,0.017697
0.88,0.245861,0.017697
0.88,0.245774,0.017695
0.87,0.245625,0.017692
0.87,0.24566,0.017693
0.87,0.245563,0.017691
0.87,0.245458,0.017689
0.87,0.245405,0.017688
0.87,0.245403,0.017688
0.87,0.245245,0.017685
0.87,0.24522,0.017684
0.87,0.245193,0.017684
0.87,0.245029,0.01768
0.87,0.244996,0.017679
0.87,0.244971,0.017678
0.86,0.244855,0.017676
0.86,0.244738,0.017674
0.86,0.24477,0.017674
0.86,0.244612,0.017671
0.86,0.244561,0.01767
0.86,0.244528,0.01767
0.86,0.244409,0.017667
0.86,0.244295,0.017665
0.86,0.244319,0.017665
0.86,0.244186,0.017662
0.86,0.244077,0.01766
0.85,0.244087,0.017661
0.85,0.243983,0.017659
0.85,0.243847,0.017656
0.85,0.243861,0.017656
0.85,0.243788,0.017654
0.85,0.243644,0.017651
0.85,0.243619,0.017651
0.85,0.243627,0.017651
0.85,0.24344,0.017648
0.85,0.243401,0.017646
0.85,0.243374,0.017646
0.84,0.243268,0.017643
0.84,0.243161,0.017642
0.84,0.243166,0.017642
0.84,0.243016,0.017638
0.84,0.242925,0.017637
0.84,0.242946,0.017638
0.84,0.242819,0.017635
0.84,0.242716,0.017633
0.84,0.242716,0.017633
0.84,0.24263,0.017631
0.84,0.242485,0.017628
0.84,0.242517,0.017629
0.83,0.242439,0.017628
0.83,0.242296,0.017624
0.83,0.24226,0.017624
0.83,0.242243,0.017624
0.83,0.242073,0.01762
0.83,0.242054,0.01762
0.83,0.242005,0.017619
0.83,0.241861,0.017616
0.83,0.241858,0.017616
0.83,0.241774,0.017614
0.83,0.241672,0.017612
0.82,0.241578,0.01761
0.82,0.241632,0.017611
0.82,0.24142,0.017607
0.82,0.241388,0.017606
0.82,0.241341,0.017606
0.82,0.241227,0.017603
0.82,0.241118,0.017601
0.82,0.241131,0.017602
0.82,0.241019,0.017599
0.82,0.240849,0.017596
0.82,0.240912,0.017597
0.81,0.240815,0.017595
0.81,0.240639,0.017591
0.81,0.240661,0.017592
0.81,0.240537,0.01759
0.81,0.240411,0.017587
0.81,0.240425,0.017588
0.81,0.240327,0.017586
0.81,0.240199,0.017583
0.81,0.240195,0.017584
0.81,0.24017,0.017583
0.81,0.239986,0.01758
0.81,0.240012,0.01758
0.8,0.239959,0.017579
0.8,0.239834,0.017576
0.8,0.239759,0.017575
0.8,0.239779,0.017576
0.8,0.239599,0.017572
0.8,0.239538,0.017571
0.8,0.239532,0.017571
0.8,0.239441,0.017569
0.8,0.239319,0.017566
0.8,0.239353,0.017567
0.8,0.239186,0.017564
0.79,0.239127,0.017563
0.79,0.239097,0.017563
0.79,0.239077,0.017562
0.79,0.238885,0.017559
0.79,0.238943,0.017559
0.79,0.238807,0.017557
0.79,0.238687,0.017555
0.79,0.238671,0.017555
0.79,0.238629,0.017554
0.79,0.238476,0.017551
0.79,0.238459,0.01755
0.79,0.238421,0.01755
0.78,0.238227,0.017546
0.78,0.238234,0.017547
0.78,0.238203,0.017546
0.78,0.238073,0.017543
0.78,0.238007,0.017542
0.78,0.238021,0.017543
0.78,0.237836,0.017539
0.78,0.237824,0.017539
0.78,0.237777,0.017538
0.78,0.237676,0.017536
0.78,0.237582,0.017534
0.78,0.237594,0.017535
0.77,0.237456,0.017532
0.77,0.237357,0.01753
0.77,0.237392,0.017531
0.77,0.237269,0.017529
0.77,0.237172,0.017526
0.77,0.237143,0.017527
0.77,0.237132,0.017526
0.77,0.236938,0.017523
0.77,0.236941,0.017523
0.77,0.236899,0.017522
0.77,0.236742,0.017519
0.77,0.236731,0.017519
0.76,0.236694,0.017518
0.76,0.236533,0.017515
0.76,0.236472,0.017514
0.76,0.236501,0.017515
0.76,0.236327,0.017512
0.76,0.236285,0.01751
0.76,0.236273,0.017511
0.76,0.23616,0.017508
0.76,0.23605,0.017506
0.76,0.236042,0.017506
0.76,0.235999,0.017506
0.76,0.235814,0.017502
0.75,0.235864,0.017503
0.75,0.235768,0.017502
0.75,0.235685,0.017499
0.75,0.235601,0.017499
0.75,0.235622,0.017499
0.75,0.235408,0.017495
0.75,0.235395,0.017495
0.75,0.235384,0.017495
0.75,0.235234,0.017492
0.75,0.235186,0.017491
0.75,0.23515,0.017491
0.75,0.235028,0.017488
0.74,0.234948,0.017487
0.74,0.234982,0.017488
0.74,0.234794,0.017484
0.74,0.234758,0.017484
0.74,0.234751,0.017484
0.74,0.234624,0.017481
0.74,0.234554,0.01748
0.74,0.234535,0.01748
0.74,0.23447,0.017479
0.74,0.234319,0.017476
0.74,0.234391,0.017477
0.74,0.234209,0.017474
0.73,0.234141,0.017472
0.73,0.234115,0.017473
0.73,0.234087,0.017472
0.73,0.233897,0.017469
0.73,0.233951,0.01747
0.73,0.233863,0.017468
0.73,0.233709,0.017465
0.73,0.233714,0.017465
0.73,0.233659,0.017465
0.73,0.233559,0.017463
0.73,0.23348,0.017461
0.73,0.233486,0.017462
0.72,0.233317,0.017458
0.72,0.233294,0.017458
0.72,0.233273,0.017458
0.72,0.233135,0.017455
0.72,0.233046,0.017454
0.72,0.233078,0.017455
0.72,0.232951,0.017452
0.72,0.23283,0.01745
0.72,0.232868,0.017451
0.72,0.232775,0.01745
0.72,0.232664,0.017447
0.72,0.232651,0.017448
0.71,0.232626,0.017447
0.71,0.232449,0.017444
0.71,0.232428,0.017444
0.71,0.232444,0.017444
0.71,0.232314,0.017441
0.71,0.23222,0.01744
0.71,0.232214,0.01744
0.71,0.232153,0.017439
0.71,0.232007,0.017437
0.71,0.232054,0.017438
0.71,0.231929,0.017435
0.71,0.231866,0.017434
0.71,0.23183,0.017434
0.7,0.231738,0.017432
0.7,0.231618,0.01743
0.7,0.231618,0.01743
0.7,0.231546,0.017429
0.7,0.231412,0.017426
0.7,0.231406,0.017427
0.7,0.231359,0.017426
0.7,0.231197,0.017422
0.7,0.231195,0.017423
0.7,0.23117,0.017423
0.7,0.230988,0.017419
0.7,0.231021,0.01742
0.69,0.230943,0.017419
0.69,0.23082,0.017416
0.69,0.230796,0.017417
0.69,0.230748,0.017416
0.69,0.230623,0.017413
0.69,0.230563,0.017413
0.69,0.23061,0.017414
0.69,0.230428,0.01741
0.69,0.230377,0.017409
0.69,0.230365,0.01741
0.69,0.230237,0.017407
0.69,0.230166,0.017406
0.69,0.230169,0.017407
0.68,0.230121,0.017406
0.68,0.229931,0.017402
0.68,0.229995,0.017404
0.68,0.229924,0.017403
0.68,0.229788,0.0174
0.68,0.229751,0.0174
0.68,0.229723,0.017399
0.68,0.229581,0.017397
0.68,0.229557,0.017396
0.68,0.229538,0.017397
0.68,0.229352,0.017393
0.68,0.229357,0.017396
0.67,0.229317,0.017396
0.67,0.229242,0.017394
0.67,0.22912,0.017392
0.67,0.229207,0.017394
0.67,0.229041,0.017391
0.67,0.228959,0.017389
0.67,0.22894,0.017389
0.67,0.228866,0.017387
0.67,0.228756,0.017385
0.67,0.228739,0.017385
0.67,0.228649,0.017384
0.67,0.228523,0.017382
0.67,0.228565,0.017382
0.66,0.228427,0.017381
0.66,0.228386,0.017379
0.66,0.228318,0.017379
0.66,0.228307,0.017379
0.66,0.228133,0.017375
0.66,0.228203,0.017377
0.66,0.22803,0.017374
0.66,0.227971,0.017373
0.66,0.227949,0.017373
0.66,0.227886,0.017372
0.66,0.22772,0.017369
0.66,0.227691,0.017369
0.65,0.227724,0.017369
0.65,0.227508,0.017365
0.65,0.227522,0.017366
0.65,0.227463,0.017365
0.65,0.227395,0.017364
0.65,0.227285,0.017362
0.65,0.227287,0.017362
0.65,0.22715,0.01736
0.65,0.227076,0.017358
0.65,0.227089,0.017359
0.65,0.226944,0.017357
0.65,0.226915,0.017356
0.65,0.226882,0.017356
0.64,0.22684,0.017355
0.64,0.226664,0.017352
0.64,0.226769,0.017354
0.64,0.226588,0.017352
0.64,0.226583,0.017351
0.64,0.226489,0.017351
0.64,0.226502,0.01735
0.64,0.226272,0.017346
0.64,0.226361,0.017348
0.64,0.22622,0.017346
0.64,0.226089,0.017343
0.64,0.226099,0.017344
0.63,0.226028,0.017343
0.63,0.225881,0.01734
0.63,0.225832,0.01734
0.63,0.225908,0.017341
0.63,0.225677,0.017338
0.63,0.225716,0.017338
0.63,0.225656,0.017338
0.63,0.225576,0.017336
0.63,0.225436,0.017334
0.63,0.225457,0.017335
0.63,0.225404,0.017334
0.63,0.225228,0.017331
0.63,0.225299,0.017332
0.63,0.225212,0.017331
0.62,0.225123,0.017329
0.62,0.22506,0.017329
0.62,0.225085,0.01733
0.62,0.224913,0.017326
0.62,0.224871,0.017326
0.62,0.224916,0.017327
0.62,0.224751,0.017324
0.62,0.2247,0.017323
0.62,0.224689,0.017324
0.62,0.22466,0.017323
0.62,0.224505,0.017321
0.62,0.224548,0.017322
0.62,0.224483,0.017321
0.62,0.224351,0.017319
0.61,0.224371,0.017319
0.61,0.224293,0.017318
0.61,0.224219,0.017316
0.61,0.224163,0.017316
0.61,0.22419,0.017317
0.61,0.223981,0.017313
0.61,0.224021,0.017314
0.61,0.223953,0.017313
0.61,0.22386,0.017311
0.61,0.223796,0.017311
0.61,0.223781,0.017311
0.61,0.223692,0.017309
0.61,0.223569,0.017308
0.6,0.223667,0.017309
0.6,0.22347,0.017306
0.6,0.223444,0.017305
0.6,0.223402,0.017306
0.6,0.223345,0.017304
0.6,0.2232,0.017302
0.6,0.223216,0.017303
0.6,0.223128,0.017301
0.6,0.223003,0.017299
0.6,0.223025,0.0173
0.6,0.222953,0.017299
0.6,0.222831,0.017297
0.6,0.222826,0.017297
0.6,0.222815,0.017298
0.59,0.222655,0.017295
0.59,0.222664,0.017295
0.59,0.222629,0.017295
0.59,0.222506,0.017293
0.59,0.222466,0.017293
0.59,0.222479,0.017293
0.59,0.22235,0.017291
0.59,0.22228,0.01729
0.59,0.222333,0.017291
0.59,0.222188,0.017289
0.59,0.222149,0.017288
0.59,0.222118,0.017289
0.59,0.222093,0.017288
0.59,0.221924,0.017285
0.58,0.221971,0.017286
0.58,0.221921,0.017286
0.58,0.221744,0.017283
0.58,0.221807,0.017284
0.58,0.221717,0.017283
0.58,0.221654,0.017281
0.58,0.221536,0.01728
0.58,0.221609,0.017281
0.58,0.221425,0.017278
0.58,0.221356,0.017277
0.58,0.221291,0.017276
0.58,0.221304,0.017278
0.58,0.221249,0.017276
0.58,0.221125,0.017274
0.57,0.221158,0.017275
0.57,0.221002,0.017272
0.57,0.220898,0.017271
0.57,0.220972,0.017273
0.57,0.220794,0.01727
0.57,0.22077,0.017269
0.57,0.220704,0.017269
0.57,0.2207,0.017269
0.57,0.220518,0.017266
0.57,0.220455,0.017265
0.57,0.22052,0.017266
0.57,0.220451,0.017265
0.57,0.220383,0.017264
0.56,0.220317,0.017264
0.56,0.220264,0.017262
0.56,0.220191,0.017261
0.56,0.220063,0.01726
0.56,0.220092,0.01726
0.56,0.219859,0.017256
0.56,0.219903,0.017257
0.56,0.219835,0.017256
0.56,0.219764,0.017255
0.56,0.219642,0.017254
0.56,0.219693,0.017255
0.56,0.219597,0.017253
0.56,0.219432,0.017251
0.56,0.219382,0.01725
0.55,0.219518,0.017254
0.55,0.219385,0.017251
0.55,0.219307,0.01725
0.55,0.219256,0.017249
0.55,0.219307,0.01725
0.55,0.219151,0.017248
0.55,0.219105,0.017247
0.55,0.21919,0.017249
0.55,0.21904,0.017247
0.55,0.218995,0.017246
0.55,0.219073,0.017248
0.55,0.219016,0.017247
0.55,0.218892,0.017245
0.55,0.21884,0.017244
0.55,0.218902,0.017245
0.55,0.218714,0.017242
0.55,0.218765,0.017243
0.54,0.2187,0.017243
0.54,0.218656,0.017242
0.54,0.218539,0.01724
0.54,0.218568,0.017241
0.54,0.218502,0.01724
0.54,0.218337,0.017237
0.54,0.21828,0.017236
0.54,0.218228,0.017236
0.54,0.21827,0.017237
0.54,0.218213,0.017236
0.54,0.21821,0.017237
0.54,0.218099,0.017234
0.54,0.218011,0.017233
0.54,0.217956,0.017232
0.54,0.217982,0.017234
0.54,0.217888,0.017232
0.53,0.217861,0.017232
0.53,0.217851,0.017232
0.53,0.217721,0.01723
0.53,0.217663,0.017229
0.53,0.217695,0.01723
0.53,0.217631,0.017229
0.53,0.217503,0.017227
0.53,0.21751,0.017227
0.53,0.217444,0.017227
0.53,0.217322,0.017224
0.53,0.217289,0.017225
0.53,0.217303,0.017225
0.53,0.217236,0.017224
0.53,0.217104,0.017222
0.53,0.217146,0.017223
0.52,0.217074,0.017222
0.52,0.21694,0.01722
0.52,0.216883,0.017219
0.52,0.216863,0.017219
0.52,0.216719,0.017217
0.52,0.216682,0.017217
0.52,0.216671,0.017217
0.52,0.216497,0.017215
0.52,0.216549,0.017216
0.52,0.216482,0.017215
0.52,0.216369,0.017213
0.52,0.216279,0.017212
0.52,0.216356,0.017214
0.51,0.21622,0.017212
0.51,0.216103,0.01721
0.51,0.21614,0.017211
0.51,0.216062,0.017211
0.51,0.215962,0.017209
0.51,0.215949,0.01721
0.51,0.215943,0.017209
0.51,0.215776,0.017206
0.51,0.21577,0.017207
0.51,0.215763,0.017208
0.51,0.215594,0.017205
0.51,0.215614,0.017206
0.51,0.215583,0.017206
0.51,0.215451,0.017203
0.51,0.215416,0.017204
0.5,0.215443,0.017204
0.5,0.215288,0.017202
0.5,0.215282,0.017202
0.5,0.215257,0.017203
0.5,0.215168,0.017201
0.5,0.21508,0.0172
0.5,0.215133,0.017201
0.5,0.214944,0.017198
0.5,0.214922,0.017198
0.5,0.21491,0.017199
0.5,0.214821,0.017198
0.5,0.214731,0.017196
0.5,0.214758,0.017197
0.5,0.214585,0.017194
0.49,0.214548,0.017194
0.49,0.214549,0.017194
0.49,0.214426,0.017193
0.49,0.214369,0.017192
0.49,0.214366,0.017193
0.49,0.214268,0.017191
0.49,0.214149,0.01719
0.49,0.214232,0.017192
0.49,0.21409,0.01719
0.49,0.214012,0.017189
0.49,0.214013,0.017189
0.49,0.213928,0.017189
0.49,0.21383,0.017187
0.49,0.213811,0.017187
0.48,0.213774,0.017186
0.48,0.213624,0.017185
0.48,0.21368,0.017186
0.48,0.213603,0.017185
0.48,0.213437,0.017182
0.48,0.213454,0.017183
0.48,0.213419,0.017183
0.48,0.213272,0.017181
0.48,0.213276,0.017182
0.48,0.213264,0.017182
0.48,0.213088,0.017179
0.48,0.213144,0.01718
0.48,0.213075,0.01718
0.48,0.213005,0.017179
0.47,0.212906,0.017178
0.47,0.212965,0.017179
0.47,0.212778,0.017176
0.47,0.212738,0.017176
0.47,0.212768,0.017177
0.47,0.2126,0.017174
0.47,0.212566,0.017174
0.47,0.212531,0.017174
0.47,0.212471,0.017173
0.47,0.212356,0.017172
0.47,0.212416,0.017173
0.47,0.212245,0.017171
0.47,0.212222,0.017171
0.47,0.2122,0.017171
0.46,0.212156,0.017171
0.46,0.212021,0.017168
0.46,0.212014,0.017169
0.46,0.212016,0.017169
0.46,0.211824,0.017166
0.46,0.211871,0.017168
0.46,0.211814,0.017167
0.46,0.211749,0.017166
0.46,0.211659,0.017165
0.46,0.211658,0.017166
0.46,0.211539,0.017163
0.46,0.211453,0.017163
0.46,0.211516,0.017164
0.46,0.211381,0.017163
0.46,0.211355,0.017162
0.45,0.211315,0.017163
0.45,0.211306,0.017162
0.45,0.211126,0.01716
0.45,0.211168,0.017161
0.45,0.211109,0.017161
0.45,0.210965,0.017158
0.45,0.211,0.01716
0.45,0.210942,0.017159
0.45,0.210892,0.017158
0.45,0.210789,0.017157
0.45,0.210838,0.017158
0.45,0.210684,0.017156
0.45,0.210644,0.017156
0.45,0.21067,0.017157
0.45,0.210495,0.017154
0.44,0.210493,0.017154
0.44,0.210466,0.017155
0.44,0.210447,0.017155
0.44,0.210267,0.017152
0.44,0.210365,0.017154
0.44,0.21025,0.017153
0.44,0.210128,0.017151
0.44,0.210139,0.017152
0.44,0.21009,0.017152
0.44,0.210012,0.01715
0.44,0.209954,0.01715
0.44,0.20998,0.017151
0.44,0.209773,0.017148
0.44,0.209823,0.017149
0.44,0.209792,0.017149
0.43,0.209683,0.017148
0.43,0.209628,0.017147
0.43,0.209629,0.017148
0.43,0.209581,0.017147
0.43,0.209413,0.017144
0.43,0.209496,0.017147
0.43,0.209379,0.017145
0.43,0.209293,0.017144
0.43,0.209287,0.017145
0.43,0.209277,0.017145
0.43,0.209123,0.017142
0.43,0.209097,0.017142
0.43,0.209097,0.017143
0.43,0.208938,0.01714
0.43,0.208946,0.017141
0.42,0.208925,0.017142
0.42,0.208828,0.01714
0.42,0.208745,0.017139
0.42,0.208821,0.017141
0.42,0.208652,0.017139
0.42,0.208608,0.017138
0.42,0.208637,0.01714
0.42,0.208525,0.017138
0.42,0.208408,0.017136
0.42,0.208449,0.017137
0.42,0.2084,0.017137
0.42,0.208254,0.017135
0.42,0.2083,0.017137
0.42,0.208222,0.017135
0.42,0.208119,0.017134
0.42,0.208123,0.017135
0.41,0.208104,0.017135
0.41,0.207955,0.017133
0.41,0.208014,0.017134
0.41,0.20794,0.017134
