ALTITUDE,Mach,Thrust
1000,70000,0.205,90193
1000,70000,0.206,90145
1000,70000,0.207,90102
1000,70000,0.208,90055
1000,70000,0.209,90003
1000,70000,0.21,89948
1000,70000,0.211,89891
1000,70000,0.212,89846
1000,70000,0.213,89782
1000,70000,0.214,89733
1000,70000,0.215,89681
1000,70000,0.216,89629
1000,70000,0.217,89575
1000,70000,0.218,89522
1000,70000,0.219,89467
1000,70000,0.22,89413
1000,70000,0.221,89376
1000,70000,0.222,89319
1000,70000,0.223,89261
1000,70000,0.224,89204
1000,70000,0.225,89167
1000,70000,0.226,89110
1000,70000,0.227,89050
1000,70000,0.228,89011
1000,70000,0.229,88954
1000,70000,0.23,88916
1000,70000,0.231,88857
1000,70000,0.232,88800
1000,70000,0.233,88762
1000,70000,0.234,88706
1000,70000,0.235,88668
1000,70000,0.236,88612
1000,70000,0.237,88556
1000,70000,0.238,88519
1000,70000,0.239,88462
1000,70000,0.24,88426
1000,70000,0.241,88370
1000,70000,0.242,88314
1000,70000,0.243,88277
1000,70000,0.244,88222
1000,70000,0.245,88185
1000,70000,0.246,88130
1000,70000,0.247,88093
1000,70000,0.248,88036
1000,70000,0.249,87998
1000,70000,0.25,87942
1000,70000,0.251,87905
1000,70000,0.252,87850
1000,70000,0.253,87813
1000,70000,0.254,87756
1000,70000,0.255,87720
1000,70000,0.256,87664
1000,70000,0.257,87628
1000,70000,0.258,87571
1000,70000,0.259,87534
1000,70000,0.26,87497
1000,70000,0.261,87439
1000,70000,0.262,87401
1000,70000,0.263,87362
1000,70000,0.264,87303
1000,70000,0.265,87264
1000,70000,0.266,87223
1000,70000,0.267,87184
1000,70000,0.268,87123
1000,70000,0.269,87082
1000,70000,0.27,87040
1000,70000,0.271,86998
1000,70000,0.272,86955
1000,70000,0.273,86914
1000,70000,0.274,86871
1000,70000,0.275,86829
1000,70000,0.276,86787
1000,70000,0.277,86745
1000,70000,0.278,86703
1000,70000,0.279,86662
1000,70000,0.28,86618
1000,70000,0.281,86576
1000,70000,0.282,86534
1000,70000,0.283,86513
1000,70000,0.284,86471
1000,70000,0.285,86429
1000,70000,0.286,86389
1000,70000,0.287,86348
1000,70000,0.288,86308
1000,70000,0.289,86268
1000,70000,0.29,86229
1000,70000,0.291,86189
1000,70000,0.292,86149
1000,70000,0.293,86108
1000,70000,0.294,86067
1000,70000,0.295,86028
1000,70000,0.296,85989
1000,70000,0.297,85950
1000,70000,0.298,85912
1000,70000,0.299,85873
1000,70000,0.3,85835
1000,70000,0.301,85797
1000,70000,0.302,85760
1000,70000,0.303,85722
1000,70000,0.304,85685
1000,70000,0.305,85648
1000,70000,0.306,85612
1000,70000,0.307,85575
1000,70000,0.308,85539
1000,70000,0.309,85520
1000,70000,0.31,85484
1000,70000,0.311,85448
1000,70000,0.312,85411
1000,70000,0.313,85374
1000,70000,0.314,85336
1000,70000,0.315,85300
1000,70000,0.316,85262
1000,70000,0.317,85227
1000,70000,0.318,85191
1000,70000,0.319,85172
1000,70000,0.32,85136
1000,70000,0.321,85100
1000,70000,0.322,85066
1000,70000,0.323,85029
1000,70000,0.324,84994
1000,70000,0.325,84959
1000,70000,0.326,84926
1000,70000,0.327,84891
1000,70000,0.328,84874
1000,70000,0.329,84839
1000,70000,0.33,84805
1000,70000,0.331,84771
1000,70000,0.332,84738
1000,70000,0.333,84704
1000,70000,0.334,84671
1000,70000,0.335,84638
1000,70000,0.336,84605
1000,70000,0.337,84588
1000,70000,0.338,84556
1000,70000,0.339,84523
1000,70000,0.34,84491
1000,70000,0.341,84458
1000,70000,0.342,84425
1000,70000,0.343,84393
1000,70000,0.344,84376
1000,70000,0.345,84344
1000,70000,0.346,84312
1000,70000,0.347,84280
1000,70000,0.348,84248
1000,70000,0.349,84233
1000,70000,0.35,84201
1000,70000,0.351,84170
1000,70000,0.352,84138
1000,70000,0.353,84107
1000,70000,0.354,84091
1000,70000,0.355,84060
1000,70000,0.356,84029
1000,70000,0.357,83999
1000,70000,0.358,83983
1000,70000,0.359,83952
1000,70000,0.36,83922
1000,70000,0.361,83906
1000,70000,0.362,83876
1000,70000,0.363,83845
1000,70000,0.364,83830
1000,70000,0.365,83799
1000,70000,0.366,83769
1000,70000,0.367,83753
1000,70000,0.368,83723
1000,70000,0.369,83693
1000,70000,0.37,83678
1000,70000,0.371,83649
1000,70000,0.372,83634
1000,70000,0.373,83604
1000,70000,0.374,83575
1000,70000,0.375,83561
1000,70000,0.376,83531
1000,70000,0.377,83517
1000,70000,0.378,83489
1000,70000,0.379,83461
1000,70000,0.38,83447
1000,70000,0.381,83420
1000,70000,0.382,83406
1000,70000,0.383,83378
1000,70000,0.384,83364
1000,70000,0.385,83337
1000,70000,0.386,83310
1000,70000,0.387,83297
1000,70000,0.388,83272
1000,70000,0.389,83259
1000,70000,0.39,83234
1000,70000,0.391,83209
1000,70000,0.392,83197
1000,70000,0.393,83172
1000,70000,0.394,83160
1000,70000,0.395,83136
1000,70000,0.396,83113
1000,70000,0.397,83102
1000,70000,0.398,83079
1000,70000,0.399,83056
1000,70000,0.4,83046
1000,70000,0.401,83024
1000,70000,0.402,83002
1000,70000,0.403,82992
1000,70000,0.404,82972
1000,70000,0.405,82952
1000,70000,0.406,82942
1000,70000,0.407,82922
1000,70000,0.408,82912
1000,70000,0.409,82893
1000,70000,0.41,82874
1000,70000,0.411,82864
1000,70000,0.412,82846
1000,70000,0.413,82828
1000,70000,0.414,82818
1000,70000,0.415,82801
1000,70000,0.416,82783
1000,70000,0.417,82775
1000,70000,0.418,82758
1000,70000,0.419,82742
1000,70000,0.42,82734
1000,70000,0.421,82718
1000,70000,0.422,82703
1000,70000,0.423,82687
1000,70000,0.424,82680
1000,70000,0.425,82665
1000,70000,0.426,82651
1000,70000,0.427,82643
1000,70000,0.428,82629
1000,70000,0.429,82616
1000,70000,0.43,82609
1000,70000,0.431,82596
1000,70000,0.432,82583
1000,70000,0.433,82576
1000,70000,0.434,82563
1000,70000,0.435,82551
1000,70000,0.436,82545
1000,70000,0.437,82533
1000,70000,0.438,82522
1000,70000,0.439,82516
1000,70000,0.44,82504
1000,70000,0.441,82494
1000,70000,0.442,82488
1000,70000,0.443,82478
1000,70000,0.444,82473
1000,70000,0.445,82463
1000,70000,0.446,82453
1000,70000,0.447,82448
1000,70000,0.448,82438
1000,70000,0.449,82429
1000,70000,0.45,82425
1000,70000,0.451,82416
1000,70000,0.452,82412
1000,70000,0.453,82404
1000,70000,0.454,82396
1000,70000,0.455,82392
1000,70000,0.456,82385
1000,70000,0.457,82378
1000,70000,0.458,82375
1000,70000,0.459,82368
1000,70000,0.46,82362
1000,70000,0.461,82359
1000,70000,0.462,82354
1000,70000,0.463,82349
1000,70000,0.464,82347
1000,70000,0.465,82342
1000,70000,0.466,82338
1000,70000,0.467,82336
1000,70000,0.468,82332
1000,70000,0.469,82329
1000,70000,0.47,82328
1000,70000,0.471,82325
1000,70000,0.472,82322
1000,70000,0.473,82321
1000,70000,0.474,82319
1000,70000,0.475,82317
1000,70000,0.476,82316
1000,70000,0.477,82315
1000,70000,0.478,82314
1000,70000,0.479,82314
1000,70000,0.48,82314
1000,70000,0.481,82314
1000,70000,0.482,82314
1000,70000,0.483,82315
1000,70000,0.484,82316
1000,70000,0.485,82316
1000,70000,0.486,82317
1000,70000,0.487,82318
1000,70000,0.488,82320
1000,70000,0.489,82322
1000,70000,0.49,82324
1000,70000,0.491,82326
1000,70000,0.492,82328
1000,70000,0.493,82331
1000,70000,0.494,82335
1000,70000,0.495,82337
1000,70000,0.496,82341
1000,70000,0.497,82345
1000,70000,0.498,82349
1000,70000,0.499,82351
1000,70000,0.5,82357
1000,70000,0.501,82362
1000,70000,0.502,82368
1000,70000,0.503,82371
1000,70000,0.504,82377
1000,70000,0.505,82383
1000,70000,0.506,82390
1000,70000,0.507,82397
1000,70000,0.508,82398
1000,70000,0.509,82408
1000,70000,0.51,82417
1000,70000,0.511,82424
1000,70000,0.512,82432
1000,70000,0.513,82438
1000,70000,0.514,82445
1000,70000,0.515,82454
1000,70000,0.516,82463
1000,70000,0.517,82468
1000,70000,0.518,82478
1000,70000,0.519,82488
1000,70000,0.52,82498
1000,70000,0.521,82506
1000,70000,0.522,82519
1000,70000,0.523,82525
1000,70000,0.524,82536
1000,70000,0.525,82547
1000,70000,0.526,82560
1000,70000,0.527,82570
1000,70000,0.528,82582
1000,70000,0.529,82593
1000,70000,0.53,82602
1000,70000,0.531,82618
1000,70000,0.532,82627
1000,70000,0.533,82639
1000,70000,0.534,82655
1000,70000,0.535,82669
1000,70000,0.536,82682
1000,70000,0.537,82695
1000,70000,0.538,82709
1000,70000,0.539,82724
1000,70000,0.54,82736
1000,70000,0.541,82748
1000,70000,0.542,82762
1000,70000,0.543,82778
1000,70000,0.544,82797
1000,70000,0.545,82812
1000,70000,0.546,82829
1000,70000,0.547,82841
1000,70000,0.548,82860
1000,70000,0.549,82874
1000,70000,0.55,82897
1000,70000,0.551,82914
1000,70000,0.552,82934
1000,70000,0.553,82953
1000,70000,0.554,82971
1000,70000,0.555,82990
1000,70000,0.556,83004
1000,70000,0.557,83027
1000,70000,0.558,83057
1000,70000,0.559,83094
1000,70000,0.56,83128
1000,70000,0.561,83151
1000,70000,0.562,83177
1000,70000,0.563,83199
1000,70000,0.564,83216
1000,70000,0.565,83240
1000,70000,0.566,83262
1000,70000,0.567,83276
1000,70000,0.568,83290
1000,70000,0.569,83311
1000,70000,0.57,83325
1000,70000,0.571,83341
1000,70000,0.572,83356
1000,70000,0.573,83372
1000,70000,0.574,83388
1000,70000,0.575,83404
1000,70000,0.576,83420
1000,70000,0.577,83437
1000,70000,0.578,83455
1000,70000,0.579,83474
1000,70000,0.58,83493
1000,70000,0.581,83512
1000,70000,0.582,83522
1000,70000,0.583,83542
1000,70000,0.584,83561
1000,70000,0.585,83581
1000,70000,0.586,83601
1000,70000,0.587,83622
1000,70000,0.588,83643
1000,70000,0.589,83664
1000,70000,0.59,83685
1000,70000,0.591,83708
1000,70000,0.592,83719
1000,70000,0.593,83742
1000,70000,0.594,83766
1000,70000,0.595,83790
1000,70000,0.596,83815
1000,70000,0.597,83841
1000,70000,0.598,83867
1000,70000,0.599,83895
1000,70000,0.6,83922
1000,70000,0.601,83951
1000,70000,0.602,83979
1000,70000,0.603,84008
1000,70000,0.604,84037
1000,70000,0.605,84067
1000,70000,0.606,84097
1000,70000,0.607,84128
1000,70000,0.608,84160
1000,70000,0.609,84192
1000,70000,0.61,84224
1000,70000,0.611,84257
1000,70000,0.612,84290
1000,70000,0.613,84324
1000,70000,0.614,84359
1000,70000,0.615,84394
1000,70000,0.616,84429
1000,70000,0.617,84464
1000,70000,0.618,84501
1000,70000,0.619,84537
1000,70000,0.62,84575
1000,70000,0.621,84613
1000,70000,0.622,84651
1000,70000,0.623,84690
1000,70000,0.624,84730
1000,70000,0.625,84769
1000,70000,0.626,84790
1000,70000,0.627,84830
1000,70000,0.628,84870
1000,70000,0.629,84911
1000,70000,0.63,84952
1000,70000,0.631,84994
1000,70000,0.632,85035
1000,70000,0.633,85078
1000,70000,0.634,85120
1000,70000,0.635,85163
1000,70000,0.636,85206
1000,70000,0.637,85249
1000,70000,0.638,85292
1000,70000,0.639,85314
1000,70000,0.64,85360
1000,70000,0.641,85404
1000,70000,0.642,85450
1000,70000,0.643,85496
1000,70000,0.644,85542
1000,70000,0.645,85588
1000,70000,0.646,85635
1000,70000,0.647,85682
1000,70000,0.648,85730
1000,70000,0.649,85778
1000,70000,0.65,85826
1000,70000,0.651,85874
1000,70000,0.652,85898
1000,70000,0.653,85948
1000,70000,0.654,85998
1000,70000,0.655,86049
1000,70000,0.656,86099
1000,70000,0.657,86150
1000,70000,0.658,86203
1000,70000,0.659,86255
1000,70000,0.66,86307
1000,70000,0.661,86359
1000,70000,0.662,86386
1000,70000,0.663,86437
1000,70000,0.664,86490
1000,70000,0.665,86543
1000,70000,0.666,86594
1000,70000,0.667,86645
1000,70000,0.668,86696
1000,70000,0.669,86747
1000,70000,0.67,86823
1000,70000,0.671,86874
1000,70000,0.672,86925
1000,70000,0.673,86976
1000,70000,0.674,87028
1000,70000,0.675,87080
1000,70000,0.676,87130
1000,70000,0.677,87207
1000,70000,0.678,87258
1000,70000,0.679,87309
1000,70000,0.68,87360
1000,70000,0.681,87436
1000,70000,0.682,87486
1000,70000,0.683,87537
1000,70000,0.684,87612
1000,70000,0.685,87668
1000,70000,0.686,87718
1000,70000,0.687,87797
1000,70000,0.688,87849
1000,70000,0.689,87900
1000,70000,0.69,87978
1000,70000,0.691,88031
1000,70000,0.692,88113
1000,70000,0.693,88161
1000,70000,0.694,88218
1000,70000,0.695,88300
1000,70000,0.696,88357
1000,70000,0.697,88411
1000,70000,0.698,88500
1000,70000,0.699,88559
1000,70000,0.7,88617
1000,70000,0.701,88675
1000,70000,0.702,88735
1000,70000,0.703,88827
1000,70000,0.704,88889
1000,70000,0.705,88950
1000,70000,0.706,89013
1000,70000,0.707,89075
1000,70000,0.708,89140
1000,70000,0.709,89204
1000,70000,0.71,89268
1000,70000,0.711,89364
1000,70000,0.712,89428
1000,70000,0.713,89493
1000,70000,0.714,89557
1000,70000,0.715,89623
1000,70000,0.716,89689
1000,70000,0.717,89757
1000,70000,0.718,89824
1000,70000,0.719,89893
1000,70000,0.72,89961
1000,70000,0.721,90029
1000,70000,0.722,90100
1000,70000,0.723,90171
1000,70000,0.724,90242
1000,70000,0.725,90312
1000,70000,0.726,90382
1000,70000,0.727,90486
1000,70000,0.728,90555
1000,70000,0.729,90622
1000,70000,0.73,90692
1000,70000,0.731,90761
1000,70000,0.732,90829
1000,70000,0.733,90896
1000,70000,0.734,90999
1000,70000,0.735,91067
1000,70000,0.736,91134
1000,70000,0.737,91233
1000,70000,0.738,91300
1000,70000,0.739,91367
1000,70000,0.74,91466
1000,70000,0.741,91530
1000,70000,0.742,91627
1000,70000,0.743,91692
1000,70000,0.744,91787
1000,70000,0.745,91850
1000,70000,0.746,91945
1000,70000,0.747,92036
1000,70000,0.748,92126
1000,70000,0.749,92215
1000,70000,0.75,92305
1000,70000,0.751,92392
1000,70000,0.752,92478
1000,70000,0.753,92563
1000,70000,0.754,92648
1000,70000,0.755,92758
1000,70000,0.756,92837
1000,70000,0.757,92945
1000,70000,0.758,93027
1000,70000,0.759,93140
1000,70000,0.76,93221
1000,70000,0.761,93332
1000,70000,0.762,93415
1000,70000,0.763,93526
1000,70000,0.764,93606
1000,70000,0.765,93710
1000,70000,0.766,93812
1000,70000,0.767,93886
1000,70000,0.768,93985
1000,70000,0.769,94083
1000,70000,0.77,94183
1000,70000,0.771,94278
1000,70000,0.772,94374
1000,70000,0.773,94470
1000,70000,0.774,94568
1000,70000,0.775,94664
1000,70000,0.776,94761
1000,70000,0.777,94858
1000,70000,0.778,94955
1000,70000,0.779,95054
1000,70000,0.78,95154
1000,70000,0.781,95257
1000,70000,0.782,95359
1000,70000,0.783,95462
1000,70000,0.784,95565
1000,70000,0.785,95666
1000,70000,0.786,95766
1000,70000,0.787,95867
1000,70000,0.788,95966
1000,70000,0.789,96066
1000,70000,0.79,96165
1000,70000,0.791,96264
1000,70000,0.792,96362
1000,70000,0.793,96459
1000,70000,0.794,96558
1000,70000,0.795,96679
1000,70000,0.796,96775
1000,70000,0.797,96894
1000,70000,0.798,96990
1000,70000,0.799,97106
1000,70000,0.8,97201
1000,70000,0.801,97316
1000,70000,0.802,97431
1000,70000,0.803,97546
1000,70000,0.804,97665
1000,70000,0.805,97757
1000,70000,0.806,97873
1000,70000,0.807,97986
1000,70000,0.808,98100
1000,70000,0.809,98211
1000,70000,0.81,98341
1000,70000,0.811,98446
1000,70000,0.812,98564
1000,70000,0.813,98658
1000,70000,0.814,98785
1000,70000,0.815,98904
1000,70000,0.816,99024
1000,70000,0.817,99156
1000,70000,0.818,99285
1000,70000,0.819,99422
1000,70000,0.82,99538
1000,70000,0.821,99675
1000,70000,0.822,99791
1000,70000,0.823,99914
1000,70000,0.824,100048
1000,70000,0.825,100211
1000,70000,0.826,100389
1000,70000,0.827,100515
1000,70000,0.828,100631
1000,70000,0.829,100732
1000,70000,0.83,100836
1000,70000,0.831,100928
1000,70000,0.832,101034
1000,70000,0.833,101138
1000,70000,0.834,101225
1000,70000,0.835,101343
1000,70000,0.836,101459
1000,70000,0.837,101570
1000,70000,0.838,101703
1000,70000,0.839,101838
1000,70000,0.84,101987
1000,70000,0.841,102137
1000,70000,0.842,102310
1000,70000,0.843,102497
1000,70000,0.844,102648
1000,70000,0.845,102772
1000,70000,0.846,102885
10000,70000,0.232,76759
10000,70000,0.233,76766
10000,70000,0.234,76749
10000,70000,0.235,76719
10000,70000,0.236,76689
10000,70000,0.237,76654
10000,70000,0.238,76615
10000,70000,0.239,76572
10000,70000,0.24,76527
10000,70000,0.241,76490
10000,70000,0.242,76441
10000,70000,0.243,76403
10000,70000,0.244,76363
10000,70000,0.245,76324
10000,70000,0.246,76282
10000,70000,0.247,76228
10000,70000,0.248,76201
10000,70000,0.249,76159
10000,70000,0.25,76117
10000,70000,0.251,76076
10000,70000,0.252,76034
10000,70000,0.253,75993
10000,70000,0.254,75965
10000,70000,0.255,75923
10000,70000,0.256,75883
10000,70000,0.257,75840
10000,70000,0.258,75813
10000,70000,0.259,75772
10000,70000,0.26,75730
10000,70000,0.261,75703
10000,70000,0.262,75663
10000,70000,0.263,75634
10000,70000,0.264,75594
10000,70000,0.265,75554
10000,70000,0.266,75527
10000,70000,0.267,75487
10000,70000,0.268,75449
10000,70000,0.269,75424
10000,70000,0.27,75385
10000,70000,0.271,75347
10000,70000,0.272,75322
10000,70000,0.273,75285
10000,70000,0.274,75248
10000,70000,0.275,75223
10000,70000,0.276,75186
10000,70000,0.277,75150
10000,70000,0.278,75126
10000,70000,0.279,75091
10000,70000,0.28,75055
10000,70000,0.281,75032
10000,70000,0.282,74997
10000,70000,0.283,74962
10000,70000,0.284,74939
10000,70000,0.285,74904
10000,70000,0.286,74871
10000,70000,0.287,74837
10000,70000,0.288,74814
10000,70000,0.289,74781
10000,70000,0.29,74748
10000,70000,0.291,74725
10000,70000,0.292,74692
10000,70000,0.293,74659
10000,70000,0.294,74627
10000,70000,0.295,74605
10000,70000,0.296,74573
10000,70000,0.297,74541
10000,70000,0.298,74519
10000,70000,0.299,74487
10000,70000,0.3,74456
10000,70000,0.301,74434
10000,70000,0.302,74403
10000,70000,0.303,74371
10000,70000,0.304,74351
10000,70000,0.305,74320
10000,70000,0.306,74289
10000,70000,0.307,74259
10000,70000,0.308,74239
10000,70000,0.309,74209
10000,70000,0.31,74178
10000,70000,0.311,74157
10000,70000,0.312,74126
10000,70000,0.313,74106
10000,70000,0.314,74075
10000,70000,0.315,74055
10000,70000,0.316,74024
10000,70000,0.317,73993
10000,70000,0.318,73973
10000,70000,0.319,73943
10000,70000,0.32,73922
10000,70000,0.321,73892
10000,70000,0.322,73871
10000,70000,0.323,73841
10000,70000,0.324,73810
10000,70000,0.325,73789
10000,70000,0.326,73767
10000,70000,0.327,73735
10000,70000,0.328,73713
10000,70000,0.329,73681
10000,70000,0.33,73659
10000,70000,0.331,73637
10000,70000,0.332,73614
10000,70000,0.333,73581
10000,70000,0.334,73558
10000,70000,0.335,73534
10000,70000,0.336,73512
10000,70000,0.337,73490
10000,70000,0.338,73468
10000,70000,0.339,73446
10000,70000,0.34,73412
10000,70000,0.341,73389
10000,70000,0.342,73367
10000,70000,0.343,73345
10000,70000,0.344,73324
10000,70000,0.345,73302
10000,70000,0.346,73280
10000,70000,0.347,73259
10000,70000,0.348,73239
10000,70000,0.349,73218
10000,70000,0.35,73197
10000,70000,0.351,73177
10000,70000,0.352,73157
10000,70000,0.353,73136
10000,70000,0.354,73116
10000,70000,0.355,73096
10000,70000,0.356,73077
10000,70000,0.357,73058
10000,70000,0.358,73038
10000,70000,0.359,73018
10000,70000,0.36,73000
10000,70000,0.361,72980
10000,70000,0.362,72962
10000,70000,0.363,72944
10000,70000,0.364,72926
10000,70000,0.365,72908
10000,70000,0.366,72890
10000,70000,0.367,72873
10000,70000,0.368,72855
10000,70000,0.369,72838
10000,70000,0.37,72821
10000,70000,0.371,72804
10000,70000,0.372,72788
10000,70000,0.373,72771
10000,70000,0.374,72754
10000,70000,0.375,72738
10000,70000,0.376,72722
10000,70000,0.377,72706
10000,70000,0.378,72690
10000,70000,0.379,72674
10000,70000,0.38,72658
10000,70000,0.381,72643
10000,70000,0.382,72627
10000,70000,0.383,72612
10000,70000,0.384,72600
10000,70000,0.385,72584
10000,70000,0.386,72561
10000,70000,0.387,72547
10000,70000,0.388,72532
10000,70000,0.389,72520
10000,70000,0.39,72504
10000,70000,0.391,72488
10000,70000,0.392,72479
10000,70000,0.393,72464
10000,70000,0.394,72451
10000,70000,0.395,72435
10000,70000,0.396,72426
10000,70000,0.397,72413
10000,70000,0.398,72399
10000,70000,0.399,72383
10000,70000,0.4,72374
10000,70000,0.401,72361
10000,70000,0.402,72349
10000,70000,0.403,72336
10000,70000,0.404,72323
10000,70000,0.405,72314
10000,70000,0.406,72298
10000,70000,0.407,72289
10000,70000,0.408,72276
10000,70000,0.409,72267
10000,70000,0.41,72254
10000,70000,0.411,72243
10000,70000,0.412,72233
10000,70000,0.413,72225
10000,70000,0.414,72217
10000,70000,0.415,72207
10000,70000,0.416,72195
10000,70000,0.417,72186
10000,70000,0.418,72175
10000,70000,0.419,72167
10000,70000,0.42,72163
10000,70000,0.421,72152
10000,70000,0.422,72150
10000,70000,0.423,72140
10000,70000,0.424,72134
10000,70000,0.425,72126
10000,70000,0.426,72119
10000,70000,0.427,72111
10000,70000,0.428,72106
10000,70000,0.429,72099
10000,70000,0.43,72091
10000,70000,0.431,72085
10000,70000,0.432,72079
10000,70000,0.433,72074
10000,70000,0.434,72067
10000,70000,0.435,72059
10000,70000,0.436,72058
10000,70000,0.437,72052
10000,70000,0.438,72046
10000,70000,0.439,72041
10000,70000,0.44,72038
10000,70000,0.441,72030
10000,70000,0.442,72026
10000,70000,0.443,72026
10000,70000,0.444,72021
10000,70000,0.445,72015
10000,70000,0.446,72015
10000,70000,0.447,72011
10000,70000,0.448,72007
10000,70000,0.449,72006
10000,70000,0.45,71999
10000,70000,0.451,71996
10000,70000,0.452,71996
10000,70000,0.453,71994
10000,70000,0.454,71991
10000,70000,0.455,71990
10000,70000,0.456,71989
10000,70000,0.457,71988
10000,70000,0.458,71987
10000,70000,0.459,71986
10000,70000,0.46,71985
10000,70000,0.461,71982
10000,70000,0.462,71982
10000,70000,0.463,71981
10000,70000,0.464,71981
10000,70000,0.465,71982
10000,70000,0.466,71981
10000,70000,0.467,71981
10000,70000,0.468,71982
10000,70000,0.469,71986
10000,70000,0.47,71986
10000,70000,0.471,71984
10000,70000,0.472,71985
10000,70000,0.473,71986
10000,70000,0.474,71989
10000,70000,0.475,71990
10000,70000,0.476,71995
10000,70000,0.477,71998
10000,70000,0.478,72000
10000,70000,0.479,72005
10000,70000,0.48,72007
10000,70000,0.481,72010
10000,70000,0.482,72014
10000,70000,0.483,72017
10000,70000,0.484,72019
10000,70000,0.485,72025
10000,70000,0.486,72029
10000,70000,0.487,72033
10000,70000,0.488,72035
10000,70000,0.489,72044
10000,70000,0.49,72046
10000,70000,0.491,72049
10000,70000,0.492,72057
10000,70000,0.493,72063
10000,70000,0.494,72070
10000,70000,0.495,72073
10000,70000,0.496,72078
10000,70000,0.497,72086
10000,70000,0.498,72094
10000,70000,0.499,72098
10000,70000,0.5,72103
10000,70000,0.501,72116
10000,70000,0.502,72124
10000,70000,0.503,72132
10000,70000,0.504,72141
10000,70000,0.505,72149
10000,70000,0.506,72157
10000,70000,0.507,72164
10000,70000,0.508,72170
10000,70000,0.509,72178
10000,70000,0.51,72193
10000,70000,0.511,72199
10000,70000,0.512,72207
10000,70000,0.513,72219
10000,70000,0.514,72227
10000,70000,0.515,72236
10000,70000,0.516,72248
10000,70000,0.517,72257
10000,70000,0.518,72266
10000,70000,0.519,72285
10000,70000,0.52,72297
10000,70000,0.521,72307
10000,70000,0.522,72316
10000,70000,0.523,72330
10000,70000,0.524,72339
10000,70000,0.525,72348
10000,70000,0.526,72363
10000,70000,0.527,72376
10000,70000,0.528,72395
10000,70000,0.529,72405
10000,70000,0.53,72418
10000,70000,0.531,72434
10000,70000,0.532,72446
10000,70000,0.533,72457
10000,70000,0.534,72471
10000,70000,0.535,72487
10000,70000,0.536,72502
10000,70000,0.537,72519
10000,70000,0.538,72534
10000,70000,0.539,72546
10000,70000,0.54,72559
10000,70000,0.541,72577
10000,70000,0.542,72593
10000,70000,0.543,72616
10000,70000,0.544,72629
10000,70000,0.545,72646
10000,70000,0.546,72663
10000,70000,0.547,72677
10000,70000,0.548,72691
10000,70000,0.549,72710
10000,70000,0.55,72738
10000,70000,0.551,72753
10000,70000,0.552,72768
10000,70000,0.553,72786
10000,70000,0.554,72806
10000,70000,0.555,72826
10000,70000,0.556,72847
10000,70000,0.557,72866
10000,70000,0.558,72887
10000,70000,0.559,72902
10000,70000,0.56,72920
10000,70000,0.561,72941
10000,70000,0.562,72973
10000,70000,0.563,72991
10000,70000,0.564,73008
10000,70000,0.565,73029
10000,70000,0.566,73051
10000,70000,0.567,73075
10000,70000,0.568,73101
10000,70000,0.569,73119
10000,70000,0.57,73140
10000,70000,0.571,73164
10000,70000,0.572,73184
10000,70000,0.573,73214
10000,70000,0.574,73239
10000,70000,0.575,73259
10000,70000,0.576,73283
10000,70000,0.577,73304
10000,70000,0.578,73327
10000,70000,0.579,73353
10000,70000,0.58,73376
10000,70000,0.581,73394
10000,70000,0.582,73421
10000,70000,0.583,73455
10000,70000,0.584,73476
10000,70000,0.585,73504
10000,70000,0.586,73522
10000,70000,0.587,73545
10000,70000,0.588,73567
10000,70000,0.589,73606
10000,70000,0.59,73630
10000,70000,0.591,73653
10000,70000,0.592,73675
10000,70000,0.593,73700
10000,70000,0.594,73738
10000,70000,0.595,73757
10000,70000,0.596,73788
10000,70000,0.597,73819
10000,70000,0.598,73847
10000,70000,0.599,73869
10000,70000,0.6,73900
10000,70000,0.601,73927
10000,70000,0.602,73971
10000,70000,0.603,73999
10000,70000,0.604,74026
10000,70000,0.605,74054
10000,70000,0.606,74088
10000,70000,0.607,74115
10000,70000,0.608,74145
10000,70000,0.609,74180
10000,70000,0.61,74215
10000,70000,0.611,74243
10000,70000,0.612,74275
10000,70000,0.613,74307
10000,70000,0.614,74341
10000,70000,0.615,74377
10000,70000,0.616,74402
10000,70000,0.617,74438
10000,70000,0.618,74475
10000,70000,0.619,74520
10000,70000,0.62,74558
10000,70000,0.621,74596
10000,70000,0.622,74622
10000,70000,0.623,74655
10000,70000,0.624,74687
10000,70000,0.625,74738
10000,70000,0.626,74774
10000,70000,0.627,74810
10000,70000,0.628,74845
10000,70000,0.629,74899
10000,70000,0.63,74936
10000,70000,0.631,74974
10000,70000,0.632,75030
10000,70000,0.633,75067
10000,70000,0.634,75102
10000,70000,0.635,75156
10000,70000,0.636,75180
10000,70000,0.637,75229
10000,70000,0.638,75261
10000,70000,0.639,75300
10000,70000,0.64,75330
10000,70000,0.641,75362
10000,70000,0.642,75395
10000,70000,0.643,75429
10000,70000,0.644,75462
10000,70000,0.645,75502
10000,70000,0.646,75533
10000,70000,0.647,75561
10000,70000,0.648,75603
10000,70000,0.649,75637
10000,70000,0.65,75671
10000,70000,0.651,75713
10000,70000,0.652,75747
10000,70000,0.653,75797
10000,70000,0.654,75829
10000,70000,0.655,75867
10000,70000,0.656,75907
10000,70000,0.657,75962
10000,70000,0.658,76000
10000,70000,0.659,76041
10000,70000,0.66,76083
10000,70000,0.661,76128
10000,70000,0.662,76167
10000,70000,0.663,76211
10000,70000,0.664,76271
10000,70000,0.665,76315
10000,70000,0.666,76364
10000,70000,0.667,76407
10000,70000,0.668,76453
10000,70000,0.669,76500
10000,70000,0.67,76543
10000,70000,0.671,76589
10000,70000,0.672,76635
10000,70000,0.673,76704
10000,70000,0.674,76751
10000,70000,0.675,76799
10000,70000,0.676,76846
10000,70000,0.677,76889
10000,70000,0.678,76936
10000,70000,0.679,77009
10000,70000,0.68,77052
10000,70000,0.681,77098
10000,70000,0.682,77148
10000,70000,0.683,77198
10000,70000,0.684,77269
10000,70000,0.685,77315
10000,70000,0.686,77365
10000,70000,0.687,77416
10000,70000,0.688,77482
10000,70000,0.689,77534
10000,70000,0.69,77585
10000,70000,0.691,77659
10000,70000,0.692,77705
10000,70000,0.693,77756
10000,70000,0.694,77808
10000,70000,0.695,77875
10000,70000,0.696,77928
10000,70000,0.697,78007
10000,70000,0.698,78055
10000,70000,0.699,78102
10000,70000,0.7,78182
10000,70000,0.701,78229
10000,70000,0.702,78277
10000,70000,0.703,78360
10000,70000,0.704,78414
10000,70000,0.705,78465
10000,70000,0.706,78540
10000,70000,0.707,78594
10000,70000,0.708,78644
10000,70000,0.709,78724
10000,70000,0.71,78778
10000,70000,0.711,78835
10000,70000,0.712,78909
10000,70000,0.713,78967
10000,70000,0.714,79024
10000,70000,0.715,79107
10000,70000,0.716,79160
10000,70000,0.717,79215
10000,70000,0.718,79296
10000,70000,0.719,79350
10000,70000,0.72,79410
10000,70000,0.721,79499
10000,70000,0.722,79554
10000,70000,0.723,79608
10000,70000,0.724,79697
10000,70000,0.725,79751
10000,70000,0.726,79808
10000,70000,0.727,79900
10000,70000,0.728,79960
10000,70000,0.729,80043
10000,70000,0.73,80107
10000,70000,0.731,80169
10000,70000,0.732,80226
10000,70000,0.733,80320
10000,70000,0.734,80382
10000,70000,0.735,80465
10000,70000,0.736,80527
10000,70000,0.737,80589
10000,70000,0.738,80679
10000,70000,0.739,80735
10000,70000,0.74,80826
10000,70000,0.741,80883
10000,70000,0.742,80975
10000,70000,0.743,81034
10000,70000,0.744,81127
10000,70000,0.745,81184
10000,70000,0.746,81274
10000,70000,0.747,81336
10000,70000,0.748,81424
10000,70000,0.749,81483
10000,70000,0.75,81578
10000,70000,0.751,81641
10000,70000,0.752,81725
10000,70000,0.753,81789
10000,70000,0.754,81886
10000,70000,0.755,81946
10000,70000,0.756,82035
10000,70000,0.757,82098
10000,70000,0.758,82190
10000,70000,0.759,82281
10000,70000,0.76,82345
10000,70000,0.761,82438
10000,70000,0.762,82497
10000,70000,0.763,82594
10000,70000,0.764,82688
10000,70000,0.765,82747
10000,70000,0.766,82845
10000,70000,0.767,82909
10000,70000,0.768,83007
10000,70000,0.769,83069
10000,70000,0.77,83167
10000,70000,0.771,83263
10000,70000,0.772,83329
10000,70000,0.773,83425
10000,70000,0.774,83488
10000,70000,0.775,83590
10000,70000,0.776,83687
10000,70000,0.777,83750
10000,70000,0.778,83853
10000,70000,0.779,83949
10000,70000,0.78,84014
10000,70000,0.781,84119
10000,70000,0.782,84186
10000,70000,0.783,84284
10000,70000,0.784,84385
10000,70000,0.785,84458
10000,70000,0.786,84558
10000,70000,0.787,84663
10000,70000,0.788,84729
10000,70000,0.789,84833
10000,70000,0.79,84936
10000,70000,0.791,85002
10000,70000,0.792,85109
10000,70000,0.793,85212
10000,70000,0.794,85315
10000,70000,0.795,85387
10000,70000,0.796,85491
10000,70000,0.797,85593
10000,70000,0.798,85702
10000,70000,0.799,85804
10000,70000,0.8,85871
10000,70000,0.801,85982
10000,70000,0.802,86087
10000,70000,0.803,86189
10000,70000,0.804,86293
10000,70000,0.805,86398
10000,70000,0.806,86466
10000,70000,0.807,86573
10000,70000,0.808,86677
10000,70000,0.809,86780
10000,70000,0.81,86879
10000,70000,0.811,86987
10000,70000,0.812,87089
10000,70000,0.813,87228
10000,70000,0.814,87328
10000,70000,0.815,87430
10000,70000,0.816,87532
10000,70000,0.817,87634
10000,70000,0.818,87735
10000,70000,0.819,87836
10000,70000,0.82,87970
10000,70000,0.821,88078
10000,70000,0.822,88181
10000,70000,0.823,88284
10000,70000,0.824,88424
10000,70000,0.825,88528
10000,70000,0.826,88631
10000,70000,0.827,88735
10000,70000,0.828,88874
10000,70000,0.829,88978
10000,70000,0.83,89085
10000,70000,0.831,89225
10000,70000,0.832,89326
10000,70000,0.833,89430
10000,70000,0.834,89569
10000,70000,0.835,89670
10000,70000,0.836,89808
10000,70000,0.837,89908
10000,70000,0.838,90042
10000,70000,0.839,90141
10000,70000,0.84,90274
10000,70000,0.841,90407
10000,70000,0.842,90538
10000,70000,0.843,90637
10000,70000,0.844,90769
10000,70000,0.845,90901
10000,70000,0.846,91031
10000,70000,0.847,91162
10000,70000,0.848,91291
10000,70000,0.849,91419
10000,70000,0.85,91546
10000,70000,0.851,91674
10000,70000,0.852,91798
10000,70000,0.853,91919
10000,70000,0.854,92036
10000,70000,0.855,92178
10000,70000,0.856,92290
10000,70000,0.857,92426
10000,70000,0.858,92560
10000,70000,0.859,92664
10000,70000,0.86,92796
10000,70000,0.861,92925
10000,70000,0.862,93050
10000,70000,0.863,93177
10000,70000,0.864,93309
10000,70000,0.865,93442
10000,70000,0.866,93547
10000,70000,0.867,93676
10000,70000,0.868,93806
10000,70000,0.869,93935
10000,70000,0.87,94062
10000,70000,0.871,94191
10000,70000,0.872,94315
10000,70000,0.873,94419
10000,70000,0.874,94546
10000,70000,0.875,94669
10000,70000,0.876,94807
10000,70000,0.877,94918
10000,70000,0.878,95026
10000,70000,0.879,95152
10000,70000,0.88,95271
10000,70000,0.881,95392
10000,70000,0.882,95516
10000,70000,0.883,95644
10000,70000,0.884,95796
10000,70000,0.885,95909
10000,70000,0.886,96042
10000,70000,0.887,96173
10000,70000,0.888,96305
10000,70000,0.889,96438
10000,70000,0.89,96572
10000,70000,0.891,96665
10000,70000,0.892,96751
10000,70000,0.893,96823
10000,70000,0.894,96913
10000,70000,0.895,97008
10000,70000,0.896,97087
10000,70000,0.897,97183
10000,70000,0.898,97284
10000,70000,0.899,97370
10000,70000,0.9,97425
20000,70000,0.266,53154
20000,70000,0.267,53061
20000,70000,0.268,53007
20000,70000,0.269,52953
20000,70000,0.27,52908
20000,70000,0.271,52875
20000,70000,0.272,52841
20000,70000,0.273,52808
20000,70000,0.274,52786
20000,70000,0.275,52754
20000,70000,0.276,52733
20000,70000,0.277,52703
20000,70000,0.278,52684
20000,70000,0.279,52657
20000,70000,0.28,52639
20000,70000,0.281,52623
20000,70000,0.282,52600
20000,70000,0.283,52584
20000,70000,0.284,52569
20000,70000,0.285,52551
20000,70000,0.286,52539
20000,70000,0.287,52522
20000,70000,0.288,52509
20000,70000,0.289,52501
20000,70000,0.29,52487
20000,70000,0.291,52479
20000,70000,0.292,52471
20000,70000,0.293,52464
20000,70000,0.294,52454
20000,70000,0.295,52446
20000,70000,0.296,52437
20000,70000,0.297,52430
20000,70000,0.298,52424
20000,70000,0.299,52418
20000,70000,0.3,52413
20000,70000,0.301,52409
20000,70000,0.302,52406
20000,70000,0.303,52404
20000,70000,0.304,52396
20000,70000,0.305,52385
20000,70000,0.306,52365
20000,70000,0.307,52334
20000,70000,0.308,52299
20000,70000,0.309,52268
20000,70000,0.31,52236
20000,70000,0.311,52207
20000,70000,0.312,52180
20000,70000,0.313,52153
20000,70000,0.314,52126
20000,70000,0.315,52103
20000,70000,0.316,52080
20000,70000,0.317,52057
20000,70000,0.318,52035
20000,70000,0.319,52013
20000,70000,0.32,51992
20000,70000,0.321,51972
20000,70000,0.322,51954
20000,70000,0.323,51934
20000,70000,0.324,51915
20000,70000,0.325,51895
20000,70000,0.326,51875
20000,70000,0.327,51856
20000,70000,0.328,51839
20000,70000,0.329,51820
20000,70000,0.33,51801
20000,70000,0.331,51783
20000,70000,0.332,51764
20000,70000,0.333,51748
20000,70000,0.334,51729
20000,70000,0.335,51711
20000,70000,0.336,51691
20000,70000,0.337,51673
20000,70000,0.338,51658
20000,70000,0.339,51639
20000,70000,0.34,51620
20000,70000,0.341,51600
20000,70000,0.342,51583
20000,70000,0.343,51563
20000,70000,0.344,51542
20000,70000,0.345,51525
20000,70000,0.346,51507
20000,70000,0.347,51486
20000,70000,0.348,51468
20000,70000,0.349,51451
20000,70000,0.35,51433
20000,70000,0.351,51416
20000,70000,0.352,51402
20000,70000,0.353,51385
20000,70000,0.354,51368
20000,70000,0.355,51354
20000,70000,0.356,51339
20000,70000,0.357,51324
20000,70000,0.358,51309
20000,70000,0.359,51295
20000,70000,0.36,51280
20000,70000,0.361,51269
20000,70000,0.362,51255
20000,70000,0.363,51245
20000,70000,0.364,51233
20000,70000,0.365,51222
20000,70000,0.366,51210
20000,70000,0.367,51197
20000,70000,0.368,51188
20000,70000,0.369,51177
20000,70000,0.37,51166
20000,70000,0.371,51156
20000,70000,0.372,51144
20000,70000,0.373,51133
20000,70000,0.374,51121
20000,70000,0.375,51110
20000,70000,0.376,51100
20000,70000,0.377,51089
20000,70000,0.378,51079
20000,70000,0.379,51066
20000,70000,0.38,51055
20000,70000,0.381,51044
20000,70000,0.382,51033
20000,70000,0.383,51022
20000,70000,0.384,51008
20000,70000,0.385,50996
20000,70000,0.386,50985
20000,70000,0.387,50974
20000,70000,0.388,50962
20000,70000,0.389,50952
20000,70000,0.39,50940
20000,70000,0.391,50930
20000,70000,0.392,50917
20000,70000,0.393,50907
20000,70000,0.394,50896
20000,70000,0.395,50885
20000,70000,0.396,50874
20000,70000,0.397,50863
20000,70000,0.398,50853
20000,70000,0.399,50843
20000,70000,0.4,50833
20000,70000,0.401,50822
20000,70000,0.402,50815
20000,70000,0.403,50805
20000,70000,0.404,50794
20000,70000,0.405,50786
20000,70000,0.406,50777
20000,70000,0.407,50767
20000,70000,0.408,50758
20000,70000,0.409,50749
20000,70000,0.41,50742
20000,70000,0.411,50734
20000,70000,0.412,50727
20000,70000,0.413,50718
20000,70000,0.414,50709
20000,70000,0.415,50701
20000,70000,0.416,50694
20000,70000,0.417,50686
20000,70000,0.418,50678
20000,70000,0.419,50671
20000,70000,0.42,50664
20000,70000,0.421,50659
20000,70000,0.422,50652
20000,70000,0.423,50645
20000,70000,0.424,50639
20000,70000,0.425,50630
20000,70000,0.426,50627
20000,70000,0.427,50622
20000,70000,0.428,50614
20000,70000,0.429,50609
20000,70000,0.43,50603
20000,70000,0.431,50598
20000,70000,0.432,50592
20000,70000,0.433,50587
20000,70000,0.434,50583
20000,70000,0.435,50578
20000,70000,0.436,50573
20000,70000,0.437,50568
20000,70000,0.438,50565
20000,70000,0.439,50560
20000,70000,0.44,50555
20000,70000,0.441,50550
20000,70000,0.442,50548
20000,70000,0.443,50546
20000,70000,0.444,50542
20000,70000,0.445,50537
20000,70000,0.446,50534
20000,70000,0.447,50531
20000,70000,0.448,50528
20000,70000,0.449,50523
20000,70000,0.45,50520
20000,70000,0.451,50520
20000,70000,0.452,50518
20000,70000,0.453,50515
20000,70000,0.454,50513
20000,70000,0.455,50510
20000,70000,0.456,50508
20000,70000,0.457,50506
20000,70000,0.458,50503
20000,70000,0.459,50504
20000,70000,0.46,50502
20000,70000,0.461,50500
20000,70000,0.462,50499
20000,70000,0.463,50499
20000,70000,0.464,50496
20000,70000,0.465,50496
20000,70000,0.466,50496
20000,70000,0.467,50494
20000,70000,0.468,50497
20000,70000,0.469,50495
20000,70000,0.47,50496
20000,70000,0.471,50494
20000,70000,0.472,50493
20000,70000,0.473,50493
20000,70000,0.474,50494
20000,70000,0.475,50493
20000,70000,0.476,50491
20000,70000,0.477,50492
20000,70000,0.478,50489
20000,70000,0.479,50492
20000,70000,0.48,50490
20000,70000,0.481,50491
20000,70000,0.482,50490
20000,70000,0.483,50488
20000,70000,0.484,50491
20000,70000,0.485,50491
20000,70000,0.486,50491
20000,70000,0.487,50491
20000,70000,0.488,50491
20000,70000,0.489,50493
20000,70000,0.49,50492
20000,70000,0.491,50496
20000,70000,0.492,50500
20000,70000,0.493,50501
20000,70000,0.494,50503
20000,70000,0.495,50507
20000,70000,0.496,50509
20000,70000,0.497,50514
20000,70000,0.498,50517
20000,70000,0.499,50518
20000,70000,0.5,50525
20000,70000,0.501,50529
20000,70000,0.502,50532
20000,70000,0.503,50539
20000,70000,0.504,50542
20000,70000,0.505,50549
20000,70000,0.506,50551
20000,70000,0.507,50561
20000,70000,0.508,50566
20000,70000,0.509,50573
20000,70000,0.51,50578
20000,70000,0.511,50585
20000,70000,0.512,50591
20000,70000,0.513,50597
20000,70000,0.514,50603
20000,70000,0.515,50606
20000,70000,0.516,50616
20000,70000,0.517,50621
20000,70000,0.518,50627
20000,70000,0.519,50634
20000,70000,0.52,50640
20000,70000,0.521,50650
20000,70000,0.522,50657
20000,70000,0.523,50664
20000,70000,0.524,50672
20000,70000,0.525,50680
20000,70000,0.526,50687
20000,70000,0.527,50696
20000,70000,0.528,50705
20000,70000,0.529,50713
20000,70000,0.53,50720
20000,70000,0.531,50725
20000,70000,0.532,50737
20000,70000,0.533,50746
20000,70000,0.534,50756
20000,70000,0.535,50767
20000,70000,0.536,50775
20000,70000,0.537,50787
20000,70000,0.538,50794
20000,70000,0.539,50806
20000,70000,0.54,50813
20000,70000,0.541,50826
20000,70000,0.542,50836
20000,70000,0.543,50842
20000,70000,0.544,50855
20000,70000,0.545,50867
20000,70000,0.546,50878
20000,70000,0.547,50889
20000,70000,0.548,50899
20000,70000,0.549,50910
20000,70000,0.55,50923
20000,70000,0.551,50933
20000,70000,0.552,50947
20000,70000,0.553,50959
20000,70000,0.554,50971
20000,70000,0.555,50979
20000,70000,0.556,50993
20000,70000,0.557,51006
20000,70000,0.558,51021
20000,70000,0.559,51037
20000,70000,0.56,51045
20000,70000,0.561,51059
20000,70000,0.562,51075
20000,70000,0.563,51088
20000,70000,0.564,51102
20000,70000,0.565,51117
20000,70000,0.566,51130
20000,70000,0.567,51147
20000,70000,0.568,51159
20000,70000,0.569,51176
20000,70000,0.57,51188
20000,70000,0.571,51206
20000,70000,0.572,51218
20000,70000,0.573,51237
20000,70000,0.574,51246
20000,70000,0.575,51263
20000,70000,0.576,51278
20000,70000,0.577,51295
20000,70000,0.578,51314
20000,70000,0.579,51327
20000,70000,0.58,51347
20000,70000,0.581,51360
20000,70000,0.582,51378
20000,70000,0.583,51398
20000,70000,0.584,51411
20000,70000,0.585,51425
20000,70000,0.586,51446
20000,70000,0.587,51461
20000,70000,0.588,51482
20000,70000,0.589,51498
20000,70000,0.59,51518
20000,70000,0.591,51537
20000,70000,0.592,51556
20000,70000,0.593,51576
20000,70000,0.594,51592
20000,70000,0.595,51615
20000,70000,0.596,51629
20000,70000,0.597,51646
20000,70000,0.598,51668
20000,70000,0.599,51689
20000,70000,0.6,51708
20000,70000,0.601,51725
20000,70000,0.602,51749
20000,70000,0.603,51769
20000,70000,0.604,51791
20000,70000,0.605,51814
20000,70000,0.606,51835
20000,70000,0.607,51849
20000,70000,0.608,51873
20000,70000,0.609,51895
20000,70000,0.61,51916
20000,70000,0.611,51937
20000,70000,0.612,51960
20000,70000,0.613,51984
20000,70000,0.614,52007
20000,70000,0.615,52032
20000,70000,0.616,52052
20000,70000,0.617,52074
20000,70000,0.618,52097
20000,70000,0.619,52120
20000,70000,0.62,52145
20000,70000,0.621,52168
20000,70000,0.622,52193
20000,70000,0.623,52215
20000,70000,0.624,52242
20000,70000,0.625,52266
20000,70000,0.626,52290
20000,70000,0.627,52318
20000,70000,0.628,52340
20000,70000,0.629,52368
20000,70000,0.63,52394
20000,70000,0.631,52418
20000,70000,0.632,52445
20000,70000,0.633,52470
20000,70000,0.634,52498
20000,70000,0.635,52516
20000,70000,0.636,52541
20000,70000,0.637,52570
20000,70000,0.638,52594
20000,70000,0.639,52623
20000,70000,0.64,52650
20000,70000,0.641,52678
20000,70000,0.642,52707
20000,70000,0.643,52735
20000,70000,0.644,52762
20000,70000,0.645,52792
20000,70000,0.646,52817
20000,70000,0.647,52848
20000,70000,0.648,52876
20000,70000,0.649,52905
20000,70000,0.65,52932
20000,70000,0.651,52972
20000,70000,0.652,53001
20000,70000,0.653,53020
20000,70000,0.654,53050
20000,70000,0.655,53081
20000,70000,0.656,53110
20000,70000,0.657,53143
20000,70000,0.658,53170
20000,70000,0.659,53204
20000,70000,0.66,53233
20000,70000,0.661,53267
20000,70000,0.662,53297
20000,70000,0.663,53329
20000,70000,0.664,53362
20000,70000,0.665,53394
20000,70000,0.666,53436
20000,70000,0.667,53467
20000,70000,0.668,53500
20000,70000,0.669,53533
20000,70000,0.67,53567
20000,70000,0.671,53598
20000,70000,0.672,53631
20000,70000,0.673,53662
20000,70000,0.674,53696
20000,70000,0.675,53732
20000,70000,0.676,53765
20000,70000,0.677,53798
20000,70000,0.678,53834
20000,70000,0.679,53864
20000,70000,0.68,53903
20000,70000,0.681,53935
20000,70000,0.682,53970
20000,70000,0.683,54019
20000,70000,0.684,54050
20000,70000,0.685,54089
20000,70000,0.686,54123
20000,70000,0.687,54160
20000,70000,0.688,54195
20000,70000,0.689,54232
20000,70000,0.69,54267
20000,70000,0.691,54306
20000,70000,0.692,54339
20000,70000,0.693,54378
20000,70000,0.694,54427
20000,70000,0.695,54463
20000,70000,0.696,54500
20000,70000,0.697,54538
20000,70000,0.698,54570
20000,70000,0.699,54610
20000,70000,0.7,54657
20000,70000,0.701,54698
20000,70000,0.702,54733
20000,70000,0.703,54769
20000,70000,0.704,54816
20000,70000,0.705,54851
20000,70000,0.706,54885
20000,70000,0.707,54922
20000,70000,0.708,54975
20000,70000,0.709,55012
20000,70000,0.71,55048
20000,70000,0.711,55083
20000,70000,0.712,55137
20000,70000,0.713,55172
20000,70000,0.714,55212
20000,70000,0.715,55263
20000,70000,0.716,55301
20000,70000,0.717,55336
20000,70000,0.718,55386
20000,70000,0.719,55422
20000,70000,0.72,55462
20000,70000,0.721,55505
20000,70000,0.722,55558
20000,70000,0.723,55597
20000,70000,0.724,55634
20000,70000,0.725,55675
20000,70000,0.726,55722
20000,70000,0.727,55775
20000,70000,0.728,55822
20000,70000,0.729,55863
20000,70000,0.73,55912
20000,70000,0.731,55954
20000,70000,0.732,55997
20000,70000,0.733,56044
20000,70000,0.734,56088
20000,70000,0.735,56132
20000,70000,0.736,56180
20000,70000,0.737,56227
20000,70000,0.738,56290
20000,70000,0.739,56329
20000,70000,0.74,56378
20000,70000,0.741,56428
20000,70000,0.742,56472
20000,70000,0.743,56520
20000,70000,0.744,56564
20000,70000,0.745,56612
20000,70000,0.746,56657
20000,70000,0.747,56722
20000,70000,0.748,56773
20000,70000,0.749,56814
20000,70000,0.75,56864
20000,70000,0.751,56910
20000,70000,0.752,56973
20000,70000,0.753,57017
20000,70000,0.754,57062
20000,70000,0.755,57113
20000,70000,0.756,57164
20000,70000,0.757,57214
20000,70000,0.758,57279
20000,70000,0.759,57323
20000,70000,0.76,57375
20000,70000,0.761,57426
20000,70000,0.762,57475
20000,70000,0.763,57539
20000,70000,0.764,57586
20000,70000,0.765,57634
20000,70000,0.766,57698
20000,70000,0.767,57748
20000,70000,0.768,57801
20000,70000,0.769,57846
20000,70000,0.77,57911
20000,70000,0.771,57962
20000,70000,0.772,58013
20000,70000,0.773,58061
20000,70000,0.774,58129
20000,70000,0.775,58175
20000,70000,0.776,58228
20000,70000,0.777,58294
20000,70000,0.778,58340
20000,70000,0.779,58392
20000,70000,0.78,58458
20000,70000,0.781,58509
20000,70000,0.782,58557
20000,70000,0.783,58623
20000,70000,0.784,58672
20000,70000,0.785,58744
20000,70000,0.786,58793
20000,70000,0.787,58843
20000,70000,0.788,58914
20000,70000,0.789,58972
20000,70000,0.79,59028
20000,70000,0.791,59082
20000,70000,0.792,59162
20000,70000,0.793,59218
20000,70000,0.794,59277
20000,70000,0.795,59337
20000,70000,0.796,59418
20000,70000,0.797,59474
20000,70000,0.798,59536
20000,70000,0.799,59615
20000,70000,0.8,59674
20000,70000,0.801,59732
20000,70000,0.802,59811
20000,70000,0.803,59869
20000,70000,0.804,59932
20000,70000,0.805,60009
20000,70000,0.806,60071
20000,70000,0.807,60151
20000,70000,0.808,60207
20000,70000,0.809,60287
20000,70000,0.81,60344
20000,70000,0.811,60424
20000,70000,0.812,60482
20000,70000,0.813,60561
20000,70000,0.814,60640
20000,70000,0.815,60700
20000,70000,0.816,60779
20000,70000,0.817,60858
20000,70000,0.818,60915
20000,70000,0.819,60993
20000,70000,0.82,61071
20000,70000,0.821,61148
20000,70000,0.822,61225
20000,70000,0.823,61301
20000,70000,0.824,61360
20000,70000,0.825,61436
20000,70000,0.826,61512
20000,70000,0.827,61587
20000,70000,0.828,61663
20000,70000,0.829,61737
20000,70000,0.83,61812
20000,70000,0.831,61902
20000,70000,0.832,61976
20000,70000,0.833,62049
20000,70000,0.834,62127
20000,70000,0.835,62200
20000,70000,0.836,62272
20000,70000,0.837,62359
20000,70000,0.838,62430
20000,70000,0.839,62506
20000,70000,0.84,62592
20000,70000,0.841,62665
20000,70000,0.842,62751
20000,70000,0.843,62822
20000,70000,0.844,62911
20000,70000,0.845,62980
20000,70000,0.846,63068
20000,70000,0.847,63150
20000,70000,0.848,63236
20000,70000,0.849,63317
20000,70000,0.85,63403
20000,70000,0.851,63490
20000,70000,0.852,63576
20000,70000,0.853,63664
20000,70000,0.854,63749
20000,70000,0.855,63831
20000,70000,0.856,63911
20000,70000,0.857,63990
20000,70000,0.858,64069
20000,70000,0.859,64150
20000,70000,0.86,64228
20000,70000,0.861,64307
20000,70000,0.862,64387
20000,70000,0.863,64465
20000,70000,0.864,64545
20000,70000,0.865,64624
20000,70000,0.866,64703
20000,70000,0.867,64797
20000,70000,0.868,64877
20000,70000,0.869,64957
20000,70000,0.87,65037
20000,70000,0.871,65116
20000,70000,0.872,65216
20000,70000,0.873,65293
20000,70000,0.874,65374
20000,70000,0.875,65454
20000,70000,0.876,65548
20000,70000,0.877,65630
20000,70000,0.878,65710
20000,70000,0.879,65803
20000,70000,0.88,65883
20000,70000,0.881,65976
20000,70000,0.882,66054
20000,70000,0.883,66147
20000,70000,0.884,66225
20000,70000,0.885,66318
20000,70000,0.886,66397
20000,70000,0.887,66490
20000,70000,0.888,66567
20000,70000,0.889,66661
20000,70000,0.89,66741
20000,70000,0.891,66834
20000,70000,0.892,66927
20000,70000,0.893,67004
20000,70000,0.894,67097
20000,70000,0.895,67192
20000,70000,0.896,67269
20000,70000,0.897,67360
20000,70000,0.898,67452
20000,70000,0.899,67530
20000,70000,0.9,67597
20000,70000,0.901,67626
20000,70000,0.902,67659
20000,70000,0.903,67693
20000,70000,0.904,67730
20000,70000,0.905,67772
20000,70000,0.906,67805
20000,70000,0.907,67844
20000,70000,0.908,67882
20000,70000,0.909,67921
20000,70000,0.91,67966
20000,70000,0.911,68010
20000,70000,0.912,68064
20000,70000,0.913,68135
20000,70000,0.914,68227
20000,70000,0.915,68357
20000,70000,0.916,68422
30000,45000,0.295,33838
30000,45000,0.296,33709
30000,45000,0.297,33612
30000,45000,0.298,33560
30000,45000,0.299,33501
30000,45000,0.3,33455
30000,45000,0.301,33410
30000,45000,0.302,33384
30000,45000,0.303,33358
30000,45000,0.304,33342
30000,45000,0.305,33324
30000,45000,0.306,33311
30000,45000,0.307,33303
30000,45000,0.308,33293
30000,45000,0.309,33288
30000,45000,0.31,33282
30000,45000,0.311,33276
30000,45000,0.312,33268
30000,45000,0.313,32856
30000,45000,0.314,32820
30000,45000,0.315,32791
30000,45000,0.316,32771
30000,45000,0.317,32751
30000,45000,0.318,32734
30000,45000,0.319,32718
30000,45000,0.32,32705
30000,45000,0.321,32692
30000,45000,0.322,32677
30000,45000,0.323,32666
30000,45000,0.324,32653
30000,45000,0.325,32642
30000,45000,0.326,32631
30000,45000,0.327,32619
30000,45000,0.328,32606
30000,45000,0.329,32594
30000,45000,0.33,32580
30000,45000,0.331,32568
30000,45000,0.332,32555
30000,45000,0.333,32541
30000,45000,0.334,32528
30000,45000,0.335,32515
30000,45000,0.336,32500
30000,45000,0.337,32486
30000,45000,0.338,32472
30000,45000,0.339,32458
30000,45000,0.34,32442
30000,45000,0.341,32430
30000,45000,0.342,32415
30000,45000,0.343,32402
30000,45000,0.344,32387
30000,45000,0.345,32374
30000,45000,0.346,32362
30000,45000,0.347,32349
30000,45000,0.348,32337
30000,45000,0.349,32324
30000,45000,0.35,32313
30000,45000,0.351,32301
30000,45000,0.352,32291
30000,45000,0.353,32280
30000,45000,0.354,32269
30000,45000,0.355,32260
30000,45000,0.356,32249
30000,45000,0.357,32238
30000,45000,0.358,32227
30000,45000,0.359,32219
30000,45000,0.36,32209
30000,45000,0.361,32198
30000,45000,0.362,32190
30000,45000,0.363,32180
30000,45000,0.364,32170
30000,45000,0.365,32162
30000,45000,0.366,32152
30000,45000,0.367,32143
30000,45000,0.368,32133
30000,45000,0.369,32124
30000,45000,0.37,32117
30000,45000,0.371,32108
30000,45000,0.372,32099
30000,45000,0.373,32092
30000,45000,0.374,32084
30000,45000,0.375,32077
30000,45000,0.376,32069
30000,45000,0.377,32063
30000,45000,0.378,32055
30000,45000,0.379,32048
30000,45000,0.38,32042
30000,45000,0.381,32035
30000,45000,0.382,32028
30000,45000,0.383,32020
30000,45000,0.384,32015
30000,45000,0.385,32008
30000,45000,0.386,32001
30000,45000,0.387,31994
30000,45000,0.388,31987
30000,45000,0.389,31979
30000,45000,0.39,31970
30000,45000,0.391,31965
30000,45000,0.392,31957
30000,45000,0.393,31949
30000,45000,0.394,31939
30000,45000,0.395,31932
30000,45000,0.396,31924
30000,45000,0.397,31916
30000,45000,0.398,31909
30000,45000,0.399,31901
30000,45000,0.4,31893
30000,45000,0.401,31886
30000,45000,0.402,31878
30000,45000,0.403,31872
30000,45000,0.404,31865
30000,45000,0.405,31857
30000,45000,0.406,31850
30000,45000,0.407,31842
30000,45000,0.408,31835
30000,45000,0.409,31828
30000,45000,0.41,31821
30000,45000,0.411,31816
30000,45000,0.412,31809
30000,45000,0.413,31802
30000,45000,0.414,31795
30000,45000,0.415,31789
30000,45000,0.416,31782
30000,45000,0.417,31778
30000,45000,0.418,31771
30000,45000,0.419,31765
30000,45000,0.42,31759
30000,45000,0.421,31754
30000,45000,0.422,31748
30000,45000,0.423,31743
30000,45000,0.424,31737
30000,45000,0.425,31732
30000,45000,0.426,31726
30000,45000,0.427,31722
30000,45000,0.428,31717
30000,45000,0.429,31712
30000,45000,0.43,31707
30000,45000,0.431,31703
30000,45000,0.432,31697
30000,45000,0.433,31693
30000,45000,0.434,31688
30000,45000,0.435,31684
30000,45000,0.436,31680
30000,45000,0.437,31676
30000,45000,0.438,31671
30000,45000,0.439,31667
30000,45000,0.44,31664
30000,45000,0.441,31660
30000,45000,0.442,31656
30000,45000,0.443,31652
30000,45000,0.444,31649
30000,45000,0.445,31646
30000,45000,0.446,31642
30000,45000,0.447,31639
30000,45000,0.448,31636
30000,45000,0.449,31633
30000,45000,0.45,31629
30000,45000,0.451,31627
30000,45000,0.452,31623
30000,45000,0.453,31621
30000,45000,0.454,31618
30000,45000,0.455,31615
30000,45000,0.456,31613
30000,45000,0.457,31611
30000,45000,0.458,31609
30000,45000,0.459,31607
30000,45000,0.46,31605
30000,45000,0.461,31603
30000,45000,0.462,31601
30000,45000,0.463,31599
30000,45000,0.464,31597
30000,45000,0.465,31596
30000,45000,0.466,31595
30000,45000,0.467,31593
30000,45000,0.468,31591
30000,45000,0.469,31589
30000,45000,0.47,31588
30000,45000,0.471,31587
30000,45000,0.472,31585
30000,45000,0.473,31584
30000,45000,0.474,31583
30000,45000,0.475,31582
30000,45000,0.476,31581
30000,45000,0.477,31580
30000,45000,0.478,31579
30000,45000,0.479,31578
30000,45000,0.48,31577
30000,45000,0.481,31576
30000,45000,0.482,31576
30000,45000,0.483,31576
30000,45000,0.484,31576
30000,45000,0.485,31575
30000,45000,0.486,31575
30000,45000,0.487,31575
30000,45000,0.488,31575
30000,45000,0.489,31575
30000,45000,0.49,31576
30000,45000,0.491,31576
30000,45000,0.492,31576
30000,45000,0.493,31577
30000,45000,0.494,31578
30000,45000,0.495,31579
30000,45000,0.496,31579
30000,45000,0.497,31580
30000,45000,0.498,31581
30000,45000,0.499,31583
30000,45000,0.5,31583
30000,45000,0.501,31584
30000,45000,0.502,31585
30000,45000,0.503,31587
30000,45000,0.504,31588
30000,45000,0.505,31590
30000,45000,0.506,31591
30000,45000,0.507,31593
30000,45000,0.508,31595
30000,45000,0.509,31597
30000,45000,0.51,31599
30000,45000,0.511,31601
30000,45000,0.512,31603
30000,45000,0.513,31606
30000,45000,0.514,31608
30000,45000,0.515,31610
30000,45000,0.516,31612
30000,45000,0.517,31614
30000,45000,0.518,31618
30000,45000,0.519,31621
30000,45000,0.52,31624
30000,45000,0.521,31627
30000,45000,0.522,31630
30000,45000,0.523,31634
30000,45000,0.524,31637
30000,45000,0.525,31640
30000,45000,0.526,31643
30000,45000,0.527,31647
30000,45000,0.528,31650
30000,45000,0.529,31655
30000,45000,0.53,31659
30000,45000,0.531,31662
30000,45000,0.532,31666
30000,45000,0.533,31671
30000,45000,0.534,31674
30000,45000,0.535,31679
30000,45000,0.536,31683
30000,45000,0.537,31687
30000,45000,0.538,31691
30000,45000,0.539,31697
30000,45000,0.54,31702
30000,45000,0.541,31706
30000,45000,0.542,31711
30000,45000,0.543,31715
30000,45000,0.544,31720
30000,45000,0.545,31726
30000,45000,0.546,31731
30000,45000,0.547,31736
30000,45000,0.548,31741
30000,45000,0.549,31748
30000,45000,0.55,31753
30000,45000,0.551,31758
30000,45000,0.552,31764
30000,45000,0.553,31769
30000,45000,0.554,31775
30000,45000,0.555,31784
30000,45000,0.556,31790
30000,45000,0.557,31796
30000,45000,0.558,31802
30000,45000,0.559,31808
30000,45000,0.56,31816
30000,45000,0.561,31823
30000,45000,0.562,31828
30000,45000,0.563,31836
30000,45000,0.564,31843
30000,45000,0.565,31850
30000,45000,0.566,31857
30000,45000,0.567,31866
30000,45000,0.568,31873
30000,45000,0.569,31881
30000,45000,0.57,31888
30000,45000,0.571,31896
30000,45000,0.572,31905
30000,45000,0.573,31913
30000,45000,0.574,31921
30000,45000,0.575,31928
30000,45000,0.576,31937
30000,45000,0.577,31945
30000,45000,0.578,31956
30000,45000,0.579,31964
30000,45000,0.58,31972
30000,45000,0.581,31980
30000,45000,0.582,31989
30000,45000,0.583,31997
30000,45000,0.584,32009
30000,45000,0.585,32017
30000,45000,0.586,32026
30000,45000,0.587,32035
30000,45000,0.588,32044
30000,45000,0.589,32054
30000,45000,0.59,32066
30000,45000,0.591,32074
30000,45000,0.592,32083
30000,45000,0.593,32093
30000,45000,0.594,32102
30000,45000,0.595,32114
30000,45000,0.596,32124
30000,45000,0.597,32133
30000,45000,0.598,32143
30000,45000,0.599,32153
30000,45000,0.6,32166
30000,45000,0.601,32176
30000,45000,0.602,32186
30000,45000,0.603,32197
30000,45000,0.604,32211
30000,45000,0.605,32221
30000,45000,0.606,32232
30000,45000,0.607,32242
30000,45000,0.608,32257
30000,45000,0.609,32268
30000,45000,0.61,32279
30000,45000,0.611,32291
30000,45000,0.612,32302
30000,45000,0.613,32317
30000,45000,0.614,32329
30000,45000,0.615,32341
30000,45000,0.616,32352
30000,45000,0.617,32364
30000,45000,0.618,32380
30000,45000,0.619,32391
30000,45000,0.62,32406
30000,45000,0.621,32416
30000,45000,0.622,32433
30000,45000,0.623,32445
30000,45000,0.624,32457
30000,45000,0.625,32470
30000,45000,0.626,32486
30000,45000,0.627,32498
30000,45000,0.628,32511
30000,45000,0.629,32524
30000,45000,0.63,32540
30000,45000,0.631,32553
30000,45000,0.632,32567
30000,45000,0.633,32580
30000,45000,0.634,32598
30000,45000,0.635,32611
30000,45000,0.636,32624
30000,45000,0.637,32639
30000,45000,0.638,32653
30000,45000,0.639,32671
30000,45000,0.64,32687
30000,45000,0.641,32700
30000,45000,0.642,32715
30000,45000,0.643,32729
30000,45000,0.644,32749
30000,45000,0.645,32763
30000,45000,0.646,32779
30000,45000,0.647,32794
30000,45000,0.648,32810
30000,45000,0.649,32825
30000,45000,0.65,32841
30000,45000,0.651,32857
30000,45000,0.652,32871
30000,45000,0.653,32889
30000,45000,0.654,32904
30000,45000,0.655,32920
30000,45000,0.656,32935
30000,45000,0.657,32956
30000,45000,0.658,32972
30000,45000,0.659,32987
30000,45000,0.66,33010
30000,45000,0.661,33028
30000,45000,0.662,33044
30000,45000,0.663,33066
30000,45000,0.664,33084
30000,45000,0.665,33100
30000,45000,0.666,33122
30000,45000,0.667,33139
30000,45000,0.668,33157
30000,45000,0.669,33182
30000,45000,0.67,33197
30000,45000,0.671,33214
30000,45000,0.672,33237
30000,45000,0.673,33254
30000,45000,0.674,33271
30000,45000,0.675,33295
30000,45000,0.676,33312
30000,45000,0.677,33329
30000,45000,0.678,33354
30000,45000,0.679,33372
30000,45000,0.68,33389
30000,45000,0.681,33413
30000,45000,0.682,33434
30000,45000,0.683,33452
30000,45000,0.684,33471
30000,45000,0.685,33495
30000,45000,0.686,33514
30000,45000,0.687,33533
30000,45000,0.688,33558
30000,45000,0.689,33578
30000,45000,0.69,33597
30000,45000,0.691,33618
30000,45000,0.692,33639
30000,45000,0.693,33665
30000,45000,0.694,33684
30000,45000,0.695,33703
30000,45000,0.696,33730
30000,45000,0.697,33750
30000,45000,0.698,33777
30000,45000,0.699,33797
30000,45000,0.7,33818
30000,45000,0.701,33839
30000,45000,0.702,33866
30000,45000,0.703,33886
30000,45000,0.704,33914
30000,45000,0.705,33936
30000,45000,0.706,33957
30000,45000,0.707,33985
30000,45000,0.708,34007
30000,45000,0.709,34027
30000,45000,0.71,34054
30000,45000,0.711,34077
30000,45000,0.712,34098
30000,45000,0.713,34120
30000,45000,0.714,34149
30000,45000,0.715,34172
30000,45000,0.716,34195
30000,45000,0.717,34218
30000,45000,0.718,34249
30000,45000,0.719,34271
30000,45000,0.72,34293
30000,45000,0.721,34325
30000,45000,0.722,34348
30000,45000,0.723,34372
30000,45000,0.724,34404
30000,45000,0.725,34425
30000,45000,0.726,34457
30000,45000,0.727,34481
30000,45000,0.728,34504
30000,45000,0.729,34534
30000,45000,0.73,34558
30000,45000,0.731,34591
30000,45000,0.732,34614
30000,45000,0.733,34646
30000,45000,0.734,34669
30000,45000,0.735,34703
30000,45000,0.736,34725
30000,45000,0.737,34759
30000,45000,0.738,34783
30000,45000,0.739,34807
30000,45000,0.74,34841
30000,45000,0.741,34865
30000,45000,0.742,34891
30000,45000,0.743,34924
30000,45000,0.744,34948
30000,45000,0.745,34981
30000,45000,0.746,35014
30000,45000,0.747,35038
30000,45000,0.748,35073
30000,45000,0.749,35098
30000,45000,0.75,35131
30000,45000,0.751,35158
30000,45000,0.752,35194
30000,45000,0.753,35218
30000,45000,0.754,35254
30000,45000,0.755,35280
30000,45000,0.756,35315
30000,45000,0.757,35351
30000,45000,0.758,35379
30000,45000,0.759,35406
30000,45000,0.76,35441
30000,45000,0.761,35469
30000,45000,0.762,35505
30000,45000,0.763,35534
30000,45000,0.764,35559
30000,45000,0.765,35595
30000,45000,0.766,35620
30000,45000,0.767,35656
30000,45000,0.768,35682
30000,45000,0.769,35717
30000,45000,0.77,35746
30000,45000,0.771,35776
30000,45000,0.772,35805
30000,45000,0.773,35839
30000,45000,0.774,35876
30000,45000,0.775,35904
30000,45000,0.776,35934
30000,45000,0.777,35974
30000,45000,0.778,36001
30000,45000,0.779,36037
30000,45000,0.78,36077
30000,45000,0.781,36103
30000,45000,0.782,36141
30000,45000,0.783,36171
30000,45000,0.784,36210
30000,45000,0.785,36240
30000,45000,0.786,36278
30000,45000,0.787,36309
30000,45000,0.788,36345
30000,45000,0.789,36385
30000,45000,0.79,36415
30000,45000,0.791,36449
30000,45000,0.792,36489
30000,45000,0.793,36527
30000,45000,0.794,36567
30000,45000,0.795,36596
30000,45000,0.796,36638
30000,45000,0.797,36667
30000,45000,0.798,36706
30000,45000,0.799,36744
30000,45000,0.8,36779
30000,45000,0.801,36821
30000,45000,0.802,36860
30000,45000,0.803,36900
30000,45000,0.804,36938
30000,45000,0.805,36976
30000,45000,0.806,37017
30000,45000,0.807,37048
30000,45000,0.808,37087
30000,45000,0.809,37128
30000,45000,0.81,37167
30000,45000,0.811,37208
30000,45000,0.812,37248
30000,45000,0.813,37290
30000,45000,0.814,37329
30000,45000,0.815,37370
30000,45000,0.816,37413
30000,45000,0.817,37454
30000,45000,0.818,37495
30000,45000,0.819,37538
30000,45000,0.82,37581
30000,45000,0.821,37622
30000,45000,0.822,37662
30000,45000,0.823,37715
30000,45000,0.824,37754
30000,45000,0.825,37795
30000,45000,0.826,37846
30000,45000,0.827,37888
30000,45000,0.828,37931
30000,45000,0.829,37982
30000,45000,0.83,38023
30000,45000,0.831,38072
30000,45000,0.832,38112
30000,45000,0.833,38161
30000,45000,0.834,38209
30000,45000,0.835,38258
30000,45000,0.836,38294
30000,45000,0.837,38337
30000,45000,0.838,38384
30000,45000,0.839,38425
30000,45000,0.84,38470
30000,45000,0.841,38516
30000,45000,0.842,38560
30000,45000,0.843,38602
30000,45000,0.844,38646
30000,45000,0.845,38688
30000,45000,0.846,38740
30000,45000,0.847,38784
30000,45000,0.848,38827
30000,45000,0.849,38877
30000,45000,0.85,38920
30000,45000,0.851,38970
30000,45000,0.852,39021
30000,45000,0.853,39067
30000,45000,0.854,39114
30000,45000,0.855,39163
30000,45000,0.856,39210
30000,45000,0.857,39256
30000,45000,0.858,39305
30000,45000,0.859,39352
30000,45000,0.86,39400
30000,45000,0.861,39447
30000,45000,0.862,39490
30000,45000,0.863,39540
30000,45000,0.864,39585
30000,45000,0.865,39631
30000,45000,0.866,39677
30000,45000,0.867,39729
30000,45000,0.868,39776
30000,45000,0.869,39819
30000,45000,0.87,39866
30000,45000,0.871,39911
30000,45000,0.872,39957
30000,45000,0.873,40008
30000,45000,0.874,40050
30000,45000,0.875,40100
30000,45000,0.876,40158
30000,45000,0.877,40214
30000,45000,0.878,40267
30000,45000,0.879,40323
30000,45000,0.88,40376
30000,45000,0.881,40436
30000,45000,0.882,40494
30000,45000,0.883,40551
30000,45000,0.884,40606
30000,45000,0.885,40666
30000,45000,0.886,40724
30000,45000,0.887,40797
30000,45000,0.888,40856
30000,45000,0.889,40912
30000,45000,0.89,40976
30000,45000,0.891,41032
30000,45000,0.892,41093
30000,45000,0.893,41164
30000,45000,0.894,41222
30000,45000,0.895,41282
30000,45000,0.896,41355
30000,45000,0.897,41414
30000,45000,0.898,41477
30000,45000,0.899,41535
30000,45000,0.9,41583
30000,45000,0.901,41608
30000,45000,0.902,41633
30000,45000,0.903,41662
30000,45000,0.904,41689
30000,45000,0.905,41716
30000,45000,0.906,41742
30000,45000,0.907,41772
30000,45000,0.908,41790
30000,45000,0.909,41810
30000,45000,0.91,41825
30000,45000,0.911,41844
30000,45000,0.912,41860
30000,45000,0.913,41857
30000,45000,0.914,41897
40000,45000,0.458,16879
40000,45000,0.459,16872
40000,45000,0.46,16873
40000,45000,0.461,16878
40000,45000,0.462,16885
40000,45000,0.463,16893
40000,45000,0.464,16904
40000,45000,0.465,16915
40000,45000,0.466,16926
40000,45000,0.467,16937
40000,45000,0.468,16947
40000,45000,0.469,16957
40000,45000,0.47,16967
40000,45000,0.471,16977
40000,45000,0.472,16987
40000,45000,0.473,16997
40000,45000,0.474,17006
40000,45000,0.475,17016
40000,45000,0.476,17026
40000,45000,0.477,17036
40000,45000,0.478,17046
40000,45000,0.479,17055
40000,45000,0.48,17065
40000,45000,0.481,17075
40000,45000,0.482,17091
40000,45000,0.483,17098
40000,45000,0.484,17090
40000,45000,0.485,17083
40000,45000,0.486,17078
40000,45000,0.487,17074
40000,45000,0.502,16916
40000,45000,0.503,16911
40000,45000,0.504,16912
40000,45000,0.505,16918
40000,45000,0.506,16925
40000,45000,0.507,16933
40000,45000,0.508,16943
40000,45000,0.509,16953
40000,45000,0.51,16963
40000,45000,0.511,16972
40000,45000,0.512,16981
40000,45000,0.513,16991
40000,45000,0.514,17000
40000,45000,0.515,17009
40000,45000,0.516,17019
40000,45000,0.517,17030
40000,45000,0.518,17031
40000,45000,0.519,17027
40000,45000,0.52,17023
40000,45000,0.521,17021
40000,45000,0.522,17018
40000,45000,0.523,17015
40000,45000,0.524,17013
40000,45000,0.525,17011
40000,45000,0.526,17010
40000,45000,0.527,17012
40000,45000,0.528,17014
40000,45000,0.529,17017
40000,45000,0.53,17019
40000,45000,0.531,17022
40000,45000,0.532,17025
40000,45000,0.533,17028
40000,45000,0.534,17032
40000,45000,0.535,17037
40000,45000,0.536,17042
40000,45000,0.537,17048
40000,45000,0.538,17054
40000,45000,0.539,17060
40000,45000,0.54,17066
40000,45000,0.541,17072
40000,45000,0.542,17078
40000,45000,0.543,17084
40000,45000,0.544,17090
40000,45000,0.545,17095
40000,45000,0.546,17100
40000,45000,0.547,17106
40000,45000,0.548,17111
40000,45000,0.549,17117
40000,45000,0.55,17123
40000,45000,0.551,17129
40000,45000,0.552,17134
40000,45000,0.553,17138
40000,45000,0.554,17141
40000,45000,0.555,17142
40000,45000,0.556,17145
40000,45000,0.557,17149
40000,45000,0.558,17154
40000,45000,0.559,17160
40000,45000,0.56,17167
40000,45000,0.561,17175
40000,45000,0.562,17182
40000,45000,0.563,17192
40000,45000,0.564,17200
40000,45000,0.565,17209
40000,45000,0.566,17218
40000,45000,0.567,17227
40000,45000,0.568,17235
40000,45000,0.569,17242
40000,45000,0.57,17251
40000,45000,0.571,17259
40000,45000,0.572,17265
40000,45000,0.573,17264
40000,45000,0.574,17257
40000,45000,0.575,17248
40000,45000,0.576,17239
40000,45000,0.577,17233
40000,45000,0.578,17230
40000,45000,0.579,17229
40000,45000,0.58,17230
40000,45000,0.581,17231
40000,45000,0.582,17232
40000,45000,0.583,17232
40000,45000,0.584,17231
40000,45000,0.585,17229
40000,45000,0.586,17227
40000,45000,0.587,17224
40000,45000,0.588,17221
40000,45000,0.589,17218
40000,45000,0.59,17215
40000,45000,0.591,17213
40000,45000,0.592,17210
40000,45000,0.593,17207
40000,45000,0.594,17204
40000,45000,0.595,17202
40000,45000,0.596,17200
40000,45000,0.597,17201
40000,45000,0.598,17203
40000,45000,0.599,17206
40000,45000,0.6,17209
40000,45000,0.601,17213
40000,45000,0.602,17217
40000,45000,0.603,17220
40000,45000,0.604,17223
40000,45000,0.605,17227
40000,45000,0.606,17230
40000,45000,0.607,17234
40000,45000,0.608,17238
40000,45000,0.609,17242
40000,45000,0.61,17246
40000,45000,0.611,17250
40000,45000,0.612,17254
40000,45000,0.613,17258
40000,45000,0.614,17262
40000,45000,0.615,17267
40000,45000,0.616,17271
40000,45000,0.617,17276
40000,45000,0.618,17281
40000,45000,0.619,17285
40000,45000,0.62,17290
40000,45000,0.621,17294
40000,45000,0.622,17299
40000,45000,0.623,17304
40000,45000,0.624,17309
40000,45000,0.625,17314
40000,45000,0.626,17319
40000,45000,0.627,17324
40000,45000,0.628,17329
40000,45000,0.629,17334
40000,45000,0.63,17338
40000,45000,0.631,17344
40000,45000,0.632,17349
40000,45000,0.633,17354
40000,45000,0.634,17359
40000,45000,0.635,17365
40000,45000,0.636,17370
40000,45000,0.637,17375
40000,45000,0.638,17381
40000,45000,0.639,17387
40000,45000,0.64,17393
40000,45000,0.641,17398
40000,45000,0.642,17404
40000,45000,0.643,17410
40000,45000,0.644,17416
40000,45000,0.645,17422
40000,45000,0.646,17428
40000,45000,0.647,17434
40000,45000,0.648,17440
40000,45000,0.649,17447
40000,45000,0.65,17453
40000,45000,0.651,17460
40000,45000,0.652,17467
40000,45000,0.653,17475
40000,45000,0.654,17484
40000,45000,0.655,17492
40000,45000,0.656,17502
40000,45000,0.657,17510
40000,45000,0.658,17519
40000,45000,0.659,17529
40000,45000,0.66,17537
40000,45000,0.661,17546
40000,45000,0.662,17556
40000,45000,0.663,17565
40000,45000,0.664,17574
40000,45000,0.665,17584
40000,45000,0.666,17593
40000,45000,0.667,17603
40000,45000,0.668,17613
40000,45000,0.669,17622
40000,45000,0.67,17632
40000,45000,0.671,17642
40000,45000,0.672,17651
40000,45000,0.673,17661
40000,45000,0.674,17671
40000,45000,0.675,17681
40000,45000,0.676,17692
40000,45000,0.677,17702
40000,45000,0.678,17712
40000,45000,0.679,17723
40000,45000,0.68,17733
40000,45000,0.681,17744
40000,45000,0.682,17754
40000,45000,0.683,17765
40000,45000,0.684,17775
40000,45000,0.685,17787
40000,45000,0.686,17797
40000,45000,0.687,17808
40000,45000,0.688,17819
40000,45000,0.689,17830
40000,45000,0.69,17841
40000,45000,0.691,17853
40000,45000,0.692,17863
40000,45000,0.693,17875
40000,45000,0.694,17887
40000,45000,0.695,17899
40000,45000,0.696,17910
40000,45000,0.697,17922
40000,45000,0.698,17934
40000,45000,0.699,17945
40000,45000,0.7,17957
40000,45000,0.701,17969
40000,45000,0.702,17981
40000,45000,0.703,17993
40000,45000,0.704,18005
40000,45000,0.705,18017
40000,45000,0.706,18030
40000,45000,0.707,18043
40000,45000,0.708,18054
40000,45000,0.709,18067
40000,45000,0.71,18080
40000,45000,0.711,18093
40000,45000,0.712,18106
40000,45000,0.713,18119
40000,45000,0.714,18131
40000,45000,0.715,18144
40000,45000,0.716,18158
40000,45000,0.717,18171
40000,45000,0.718,18184
40000,45000,0.719,18198
40000,45000,0.72,18211
40000,45000,0.721,18225
40000,45000,0.722,18238
40000,45000,0.723,18252
40000,45000,0.724,18265
40000,45000,0.725,18279
40000,45000,0.726,18294
40000,45000,0.727,18307
40000,45000,0.728,18322
40000,45000,0.729,18336
40000,45000,0.73,18351
40000,45000,0.731,18364
40000,45000,0.732,18379
40000,45000,0.733,18394
40000,45000,0.734,18409
40000,45000,0.735,18422
40000,45000,0.736,18437
40000,45000,0.737,18452
40000,45000,0.738,18467
40000,45000,0.739,18482
40000,45000,0.74,18496
40000,45000,0.741,18510
40000,45000,0.742,18523
40000,45000,0.743,18534
40000,45000,0.744,18543
40000,45000,0.745,18553
40000,45000,0.746,18563
40000,45000,0.747,18574
40000,45000,0.748,18584
40000,45000,0.749,18593
40000,45000,0.75,18604
40000,45000,0.751,18614
40000,45000,0.752,18625
40000,45000,0.753,18635
40000,45000,0.754,18646
40000,45000,0.755,18656
40000,45000,0.756,18667
40000,45000,0.757,18678
40000,45000,0.758,18688
40000,45000,0.759,18699
40000,45000,0.76,18710
40000,45000,0.761,18721
40000,45000,0.762,18732
40000,45000,0.763,18744
40000,45000,0.764,18754
40000,45000,0.765,18766
40000,45000,0.766,18777
40000,45000,0.767,18788
40000,45000,0.768,18800
40000,45000,0.769,18811
40000,45000,0.77,18823
40000,45000,0.771,18835
40000,45000,0.772,18847
40000,45000,0.773,18858
40000,45000,0.774,18871
40000,45000,0.775,18882
40000,45000,0.776,18895
40000,45000,0.777,18907
40000,45000,0.778,18919
40000,45000,0.779,18932
40000,45000,0.78,18944
40000,45000,0.781,18956
40000,45000,0.782,18969
40000,45000,0.783,18982
40000,45000,0.784,18994
40000,45000,0.785,19006
40000,45000,0.786,19018
40000,45000,0.787,19029
40000,45000,0.788,19041
40000,45000,0.789,19051
40000,45000,0.79,19060
40000,45000,0.791,19069
40000,45000,0.792,19079
40000,45000,0.793,19092
40000,45000,0.794,19108
40000,45000,0.795,19126
40000,45000,0.796,19145
40000,45000,0.797,19164
40000,45000,0.798,19185
40000,45000,0.799,19204
40000,45000,0.8,19224
40000,45000,0.801,19242
40000,45000,0.802,19260
40000,45000,0.803,19278
40000,45000,0.804,19295
40000,45000,0.805,19311
40000,45000,0.806,19329
40000,45000,0.807,19348
40000,45000,0.808,19367
40000,45000,0.809,19388
40000,45000,0.81,19408
40000,45000,0.811,19427
40000,45000,0.812,19448
40000,45000,0.813,19471
40000,45000,0.814,19497
40000,45000,0.815,19522
40000,45000,0.816,19549
40000,45000,0.817,19574
40000,45000,0.818,19603
40000,45000,0.819,19632
40000,45000,0.82,19661
40000,45000,0.821,19693
40000,45000,0.822,19723
40000,45000,0.823,19753
40000,45000,0.824,19787
40000,45000,0.825,19818
40000,45000,0.826,19853
40000,45000,0.827,19889
40000,45000,0.828,19924
40000,45000,0.829,19962
40000,45000,0.83,19988
40000,45000,0.831,20008
40000,45000,0.832,20025
40000,45000,0.833,20039
40000,45000,0.834,20051
40000,45000,0.835,20063
40000,45000,0.836,20076
40000,45000,0.837,20090
40000,45000,0.838,20104
40000,45000,0.839,20117
40000,45000,0.84,20129
40000,45000,0.841,20145
40000,45000,0.842,20169
40000,45000,0.843,20197
40000,45000,0.844,20228
40000,45000,0.845,20257
40000,45000,0.846,20287
40000,45000,0.847,20316
40000,45000,0.848,20344
40000,45000,0.849,20372
40000,45000,0.85,20399
40000,45000,0.851,20425
40000,45000,0.852,20449
40000,45000,0.853,20472
40000,45000,0.854,20479
